video_path,blink_rate,interval_cv,yaw_variance,pitch_variance,landmark_jitter,face_symmetry_mean,cnn_score,embedding_mean,label
01__exit_phone_room.mp4,10.0,0.0,nan,nan,nan,nan,0.013495008926838636,0.3978800411735262,real
01__hugging_happy.mp4,30.0,0.19,10.908355659031637,43.30783646592611,0.26331081332391865,0.042822525121978185,0.015548956825763785,0.49774043900626047,real
01__kitchen_pan.mp4,40.0,0.642,0.5628715131853971,6.29341489935928,0.003833568065969725,0.009214200214805878,0.004846713040024042,0.5765850245952606,real
01__kitchen_still.mp4,30.0,0.479,3.2128736056209117,0.7202615941535425,0.004700608602848988,0.0006753457884876718,0.003332478542038838,0.6530875861644745,real
01__meeting_serious.mp4,nan,nan,nan,nan,nan,nan,0.0054031489915879706,0.5856572687625885,real
01__outside_talking_pan_laughing.mp4,40.0,0.465,5.459842668442336,10.259281048883063,0.02483027814451394,0.5293578016173033,0.04004350904558253,0.48423794550555094,real
01__outside_talking_still_laughing.mp4,60.0,0.333,0.6715150266270495,0.5381049012202627,0.0022772789465701822,0.7466209516619468,0.05031727423608702,0.5398905958448138,real
01__podium_speech_happy.mp4,40.0,0.686,1.9747752057695178,36.05047863904694,0.00526903151053064,0.6048405556269286,0.015377292459431504,0.491756586091859,real
01__secret_conversation.mp4,nan,nan,nan,nan,nan,nan,0.00417522932236482,0.46086052911622183,real
01__talking_against_wall.mp4,70.0,0.969,0.6020850220319783,0.30995667933713894,0.003207423803804227,0.6679215931716441,0.2946733044726508,0.3698177529232843,real
01__talking_angry_couch.mp4,40.0,1.035,0.2825965634372817,13.600236078323105,0.006153123905454796,0.08960887825680536,0.03804291019748364,0.43087718742234365,real
01__walk_down_hall_angry.mp4,nan,nan,nan,nan,nan,nan,0.01545933251535254,0.3608286189181464,real
01__walking_down_indoor_hall_disgust.mp4,50.0,0.492,0.3888118722553912,0.03366676569705099,0.015850866170600005,0.6168481446788561,0.1281832406031234,0.34827167221478056,real
01__walking_and_outside_surprised.mp4,20.0,0.0,0.8870335958559862,1.0399725810133809,0.011391044354079949,0.783809606627873,0.02027222897491551,0.66423613684518,real
01__walking_outside_cafe_disgusted.mp4,10.0,0.0,0.9404873250359723,5.160576027703834,0.0022024780736430104,0.8865470399490292,0.0040530065598431975,0.4812340885400772,real
01__walking_down_street_outside_angry.mp4,10.0,0.0,nan,nan,nan,nan,0.009011211360172768,0.42317200771399904,real
02__exit_phone_room.mp4,nan,nan,nan,nan,nan,nan,0.012737259684529687,0.3739836599145617,real
02__hugging_happy.mp4,20.0,0.0,16.32158056768907,7.768369914262231,0.19979898568189253,0.05041860739510363,0.018573360950020806,0.44576541015080046,real
02__kitchen_pan.mp4,20.0,0.0,47.593855946240005,0.78086351775806,0.012879406858571585,0.2010616939780018,0.01100472265222509,0.5218750004257474,real
02__kitchen_still.mp4,20.0,0.0,0.5100851548287674,0.60633016527041,0.002047092003645673,0.34132188520033735,0.003128530549085034,0.5361223774296897,real
02__meeting_serious.mp4,nan,nan,nan,nan,nan,nan,0.010915163704859359,0.5550930840628487,real
02__outside_talking_pan_laughing.mp4,30.0,0.186,2.8284982843545046,6.0452096337365635,0.014836078821490873,0.5737486692780173,0.021388267100389515,0.4008764752319881,real
02__outside_talking_still_laughing.mp4,70.0,0.997,3.3198245502206496,0.2369866571029904,0.016544535726809792,0.7024711065151148,0.031419253342651894,0.44732204931122915,real
02__podium_speech_happy.mp4,80.0,0.449,3.278342233781315,10.039469782186353,nan,nan,0.005014867366948498,0.5357168763875961,real
02__secret_conversation.mp4,nan,nan,nan,nan,nan,nan,0.005935916751955769,0.5057670984949384,real
02__talking_against_wall.mp4,80.0,0.495,0.3963902163168805,0.4312497680777989,0.0027491715791622146,0.7251868366048418,0.20400350806968554,0.40231601893901825,real
02__talking_angry_couch.mp4,60.0,0.944,1.0621652961257186,0.07348035492960715,0.015873170538900135,0.1868824179274874,0.0027196798473596573,0.49535361570971354,real
02__walk_down_hall_angry.mp4,nan,nan,nan,nan,nan,nan,0.01795390492770821,0.3464184658867972,real
02__walking_and_outside_surprised.mp4,20.0,0.0,0.8870335958559862,1.0399725810133809,0.011391044354079949,0.783809606627873,0.02027222897491551,0.66423613684518,real
02__walking_down_indoor_hall_disgust.mp4,50.0,0.492,0.3888118722553912,0.03366676569705099,0.015850866170600005,0.6168481446788561,0.1281832406031234,0.34827167221478056,real
02__walking_down_street_outside_angry.mp4,0.0,0.0,nan,nan,nan,nan,0.046575551852583885,0.33729931712150574,real
02__walking_outside_cafe_disgusted.mp4,nan,nan,nan,nan,nan,nan,0.00809340546506324,0.4468360053641455,real
03__exit_phone_room.mp4,0.0,0.0,nan,nan,nan,nan,0.006167728732439822,0.4411572941711971,real
03__hugging_happy.mp4,20.0,0.0,30.108491875829284,12.283750971334108,0.006899995273514575,0.08417472244354812,0.05784604375782822,0.34051142420087543,real
03__kitchen_pan.mp4,80.0,0.593,3.126532452941009,1.3362355381487587,0.029612826516084614,0.013862163999298306,0.008173206263953554,0.47989421444279806,real
03__kitchen_still.mp4,20.0,0.0,0.432164004310994,0.42540702798427277,0.008555627419909949,0.0,0.009134255100174673,0.4248069184167044,real
03__meeting_serious.mp4,0.0,0.0,nan,nan,nan,nan,0.002722374492025535,0.585513779095241,real
03__outside_talking_still_laughing.mp4,nan,nan,nan,nan,nan,nan,0.017434391492445554,0.40074183898312704,real
03__outside_talking_pan_laughing.mp4,40.0,0.371,2.5301273819219325,22.97434710762653,0.01885056288149646,0.7409662303956055,0.04955247563443014,0.37462495480264935,real
03__podium_speech_happy.mp4,30.0,0.657,5.416230528241755,1.7104245513490959,0.008293127966627763,0.6700784573741855,0.005869471185308482,0.40994115812437876,real
03__secret_conversation.mp4,0.0,0.0,nan,nan,nan,nan,0.004276119434507564,0.4968138039112091,real
03__talking_against_wall.mp4,80.0,0.948,0.16248096276270876,0.2324026056129215,0.007702973172738651,0.6087090759486364,0.21726288859333312,0.3173998530421938,real
03__talking_angry_couch.mp4,30.0,0.431,0.9330592447061543,3.0672224406289357,0.008132909387942686,0.15091556718218355,0.006059480681350189,0.40959782685552326,real
03__walk_down_hall_angry.mp4,nan,nan,nan,nan,nan,nan,0.0067859634457688245,0.39971562581402914,real
03__walking_and_outside_surprised.mp4,40.0,0.438,119.32498943080289,0.4120898163041249,0.02366000169558826,0.039288254068910615,0.029674140204276358,0.47542628007275717,real
03__walking_down_street_outside_angry.mp4,nan,nan,nan,nan,nan,nan,0.03530960064381361,0.3329270226614816,real
03__walking_down_indoor_hall_disgust.mp4,60.0,0.416,nan,nan,nan,nan,0.017454969197777764,0.3760508384023394,real
04__exit_phone_room.mp4,0.0,0.0,0.2667989884915362,0.2900832911325552,0.003674461345352573,0.666393991451621,0.05192080329704497,0.34267029591969084,real
03__walking_outside_cafe_disgusted.mp4,20.0,0.0,nan,nan,nan,nan,0.012951996260588723,0.44557370245456696,real
04__kitchen_pan.mp4,40.0,0.725,0.7010306227351721,1.0436895222607643,0.0063554676238500064,0.2566857407258192,0.024479410993600532,0.5010281886373248,real
04__kitchen_still.mp4,50.0,0.552,4.150872351039304,3.7550938790894093,0.004903131064120906,0.22084298981000255,0.007532326928672514,0.5369202643632889,real
04__outside_talking_pan_laughing.mp4,nan,nan,nan,nan,nan,nan,0.03822851443796286,0.38974339621407644,real
04__outside_talking_still_laughing.mp4,nan,nan,nan,nan,nan,nan,0.027712713228538632,0.39577565235751017,real
04__podium_speech_happy.mp4,30.0,0.726,0.2750553447415876,0.27221120407614985,0.004650955264238131,0.7841870798387888,0.0035050128187452045,0.47342255285808016,real
04__secret_conversation.mp4,60.0,0.528,nan,nan,nan,nan,0.0011418092970935895,0.5608554461172649,real
04__talking_against_wall.mp4,60.0,0.565,1.146718688850259,6.959211567061953,0.002719888324106035,0.7205794567614846,0.20422533793108805,0.3582392909697124,real
04__talking_angry_couch.mp4,50.0,1.121,6.43748486338483,15.4572228418007,0.0162281437207748,0.08095991999195434,0.008300313351875437,0.474072345665523,real
04__walk_down_hall_angry.mp4,nan,nan,nan,nan,nan,nan,0.028960168295140778,0.3135034314223698,real
04__walking_down_street_outside_angry.mp4,nan,nan,nan,nan,nan,nan,0.01639704138506204,0.41356922473226276,real
04__walking_outside_cafe_disgusted.mp4,nan,nan,nan,nan,nan,nan,0.03644548502883741,0.3290248747382845,real
05__exit_phone_room.mp4,nan,nan,nan,nan,nan,nan,0.011304767868880714,0.3921758873122079,real
05__hugging_happy.mp4,40.0,0.461,9.674597271367793,50.288047709162825,0.029854152898992393,0.05659850993983863,0.022292477045474306,0.43482432833739687,real
05__kitchen_pan.mp4,60.0,0.581,7.304472170638405,9.785672729124007,0.002704163389637246,0.3403534663772688,0.011355715704017453,0.5043501194034304,real
05__outside_talking_pan_laughing.mp4,nan,nan,nan,nan,nan,nan,0.006753524472255127,0.4994368829897472,real
05__kitchen_still.mp4,60.0,0.597,0.6405000467061618,12.365315448474936,0.003897251295427455,0.4924585059562051,0.012094228719693742,0.5133350299937385,real
05__outside_talking_still_laughing.mp4,nan,nan,nan,nan,nan,nan,0.00198676333820913,0.5396878868341446,real
05__podium_speech_happy.mp4,nan,nan,nan,nan,nan,nan,0.0019122102073327238,0.5490064088787351,real
05__walk_down_hall_angry.mp4,nan,nan,nan,nan,nan,nan,0.012985173712617584,0.39195875397750307,real
05__talking_against_wall.mp4,40.0,0.816,0.4670561776274592,1.455238766934196,0.006916648367736218,0.8346809524918641,0.5291120558977127,0.4852548497063773,real
05__walking_down_street_outside_angry.mp4,nan,nan,nan,nan,nan,nan,0.01265121904102021,0.434868369783674,real
05__walking_outside_cafe_disgusted.mp4,nan,nan,nan,nan,nan,nan,0.005315716035381358,0.48354985458510263,real
06__exit_phone_room.mp4,10.0,0.0,0.1727544715629013,0.010960747085727135,0.002466272962062535,0.7499726893721388,0.03145836054214409,0.3723055677754538,real
06__hugging_happy.mp4,20.0,0.0,11.287779698584268,8.580395512350517,0.02745153866453796,0.003923820496077521,0.033052507758839056,0.4650113582611084,real
06__kitchen_pan.mp4,50.0,0.165,0.9487896468825683,8.146674225183142,0.0031597409417676897,0.09076080054058701,0.012795250513590872,0.5196756358657565,real
06__outside_talking_pan_laughing.mp4,10.0,0.0,7.972608985715656,1.0227157856585491,0.012341825641452205,0.4001128171857135,0.019250855864291743,0.390281189765249,real
06__kitchen_still.mp4,90.0,0.554,1.7835836296100536,18.812705139301155,0.020622636522163732,0.003865191711292037,0.016014569056486443,0.5424887665680477,real
06__outside_talking_still_laughing.mp4,nan,nan,1.1992670578996272,7.513361410234649,nan,nan,0.0037799403154557304,0.4752706395728247,real
06__podium_speech_happy.mp4,40.0,0.457,5.1554455129500525,12.187995502963075,0.015478515179837638,0.5034772327245159,0.032727067990760715,0.41775225741522654,real
06__talking_angry_couch.mp4,60.0,0.598,1.9238502675101699,20.731020260423588,0.02426425566474609,0.024205556907505643,0.007744188324847657,0.5071183890104294,real
06__talking_against_wall.mp4,60.0,0.618,18.71990831286308,10.771948976442209,0.011386548934973881,0.48205811759165346,0.6661297125475747,0.3933686784335545,real
06__walk_down_hall_angry.mp4,nan,nan,nan,nan,nan,nan,0.027459922712296247,0.33460368854658945,real
06__walking_and_outside_surprised.mp4,30.0,0.362,nan,nan,nan,nan,0.11413769623530763,0.4843585342168808,real
06__walking_down_indoor_hall_disgust.mp4,50.0,0.0,0.6233244397856642,4.920615416847173,nan,nan,0.17714219779840537,0.32201758878571646,real
06__walking_down_street_outside_angry.mp4,nan,nan,nan,nan,nan,nan,0.006220859375649265,0.42489519928182873,real
06__walking_outside_cafe_disgusted.mp4,20.0,0.0,0.08494697297988632,0.10539054419802142,0.012352017913077768,0.7078178877304667,0.07696133532694407,0.30743477919272016,real
07__exit_phone_room.mp4,0.0,0.0,nan,nan,nan,nan,0.008564088310647224,0.40916046287332264,real
07__hugging_happy.mp4,70.0,0.393,8.671088316229127,55.5890374561734,0.01879524938761789,0.004229651692365523,0.047630395682062954,0.4367210588284901,real
07__kitchen_pan.mp4,50.0,0.636,12.126233297171469,15.556573903225816,0.009901636388672358,0.03666239117433826,0.01006506006732317,0.5748054023299899,real
07__kitchen_still.mp4,70.0,0.577,0.4395155573768534,9.11616558006146,0.006201162222045533,0.009488800497326618,0.003257781610175568,0.5667084498064858,real
07__outside_talking_pan_laughing.mp4,nan,nan,nan,nan,nan,nan,0.04066190157651103,0.4234893854175295,real
07__outside_talking_still_laughing.mp4,nan,nan,nan,nan,0.0212465579510639,0.40351761119740154,0.023500651158558736,0.4285473312650408,real
07__podium_speech_happy.mp4,nan,nan,nan,nan,nan,nan,0.012195878468836392,0.48500974263463703,real
07__secret_conversation.mp4,10.0,0.0,nan,nan,nan,nan,0.002237277354912034,0.5331951656511852,real
07__talking_against_wall.mp4,30.0,0.662,5.18932757910493,6.966426805199685,0.009068746942907826,0.10774253393480916,0.5006181363548551,0.3937747393335615,real
07__walk_down_hall_angry.mp4,nan,nan,nan,nan,nan,nan,0.02637139120737889,0.33143345160143717,real
07__talking_angry_couch.mp4,10.0,0.0,nan,nan,nan,nan,0.0031308552965388764,0.5807061174086162,real
07__walking_down_street_outside_angry.mp4,nan,nan,nan,nan,nan,nan,0.02049832054347332,0.37488314296518055,real
07__walking_outside_cafe_disgusted.mp4,0.0,0.0,nan,nan,nan,nan,0.008299189819289106,0.3447557474885668,real
08__exit_phone_room.mp4,0.0,0.0,nan,nan,0.010632121461058087,0.21666210654818013,0.011124011233083106,0.4432150402239391,real
08__kitchen_pan.mp4,40.0,0.583,26.377244770657043,13.15712193541768,0.00578904771695932,0.0456473980844537,0.003313016173446418,0.6308984011411667,real
08__kitchen_still.mp4,40.0,0.22,0.40010389410252434,0.20594436774838218,0.007037569923934428,0.2588750466595001,0.0015782194864836388,0.7807220305715289,real
08__outside_talking_pan_laughing.mp4,40.0,0.414,8.905731290312621,6.296364270376422,nan,nan,0.031359600324192015,0.46887433528900146,real
08__outside_talking_still_laughing.mp4,40.0,0.0,nan,nan,nan,nan,0.011956036149058491,0.4968917540141514,real
08__podium_speech_happy.mp4,20.0,0.0,8.12441911987331,10.192414941465314,0.009681851778418684,0.6270784460750423,0.001992362948450526,0.6285115054675511,real
08__walk_down_hall_angry.mp4,20.0,0.0,nan,nan,nan,nan,0.06126136983013047,0.3058540703994887,real
08__talking_against_wall.mp4,60.0,0.546,0.20988250279645218,0.6903974404317162,0.01985098447770507,0.40796761906223467,0.013056082867218979,0.4775089408670153,real
08__walking_outside_cafe_disgusted.mp4,30.0,0.5,0.22543316631857221,1.6870946818834134,0.008023926649267675,0.0,0.009249809863311904,0.43041358036654337,real
08__walking_down_street_outside_angry.mp4,nan,nan,nan,nan,nan,nan,0.02723930702943887,0.3385989559548242,real
09__exit_phone_room.mp4,10.0,0.0,nan,nan,nan,nan,0.012149282190616109,0.4315119960478374,real
09__kitchen_pan.mp4,20.0,0.0,9.109337700977914,0.9692295701334978,0.009098160091907967,0.09023421193477424,0.014446655122031058,0.6043604995523181,real
09__outside_talking_pan_laughing.mp4,60.0,0.406,13.889857507638828,38.69566184134763,0.00707475165882556,0.3100272968254811,0.05679163885568934,0.41877834498882294,real
09__outside_talking_still_laughing.mp4,40.0,0.0,16.943071654966825,114.35854988792741,0.019689059650146556,0.5829649024849947,0.103465177966947,0.407830359680312,real
09__podium_speech_happy.mp4,70.0,0.476,3.3372145196628997,4.7374542557518415,0.006055681815996312,0.6026374782756801,0.07384302939421364,0.4002146082265036,real
09__talking_against_wall.mp4,20.0,0.0,0.09857560116052111,6.715581433561778,0.001519346522346331,0.7698159103222463,0.1009172831129815,0.38468717890126364,real
09__walk_down_hall_angry.mp4,nan,nan,nan,nan,nan,nan,0.010820647768144096,0.37115900218486786,real
09__talking_angry_couch.mp4,30.0,0.49,nan,nan,0.008614743793503256,0.08956298800592034,0.0009073144174180925,0.5229002492768424,real
09__walking_down_street_outside_angry.mp4,10.0,0.0,nan,nan,nan,nan,0.06531894369982183,0.37038077626909527,real
10__exit_phone_room.mp4,0.0,0.0,0.20102935932185198,0.39026566704179555,0.0005503150182414472,0.7466309121940664,0.08734270358192069,0.34638451252664837,real
10__kitchen_pan.mp4,20.0,0.0,0.8372871836161608,0.6344997614208305,0.004685797908934349,0.11901806650367348,0.0009204987587249239,0.6366609292370933,real
10__kitchen_still.mp4,20.0,0.0,7.50979524308376,0.8858622564908987,0.0051664779878625895,0.07673386777673727,0.0009023702171232019,0.5699897238186428,real
10__outside_talking_pan_laughing.mp4,10.0,0.0,nan,nan,nan,nan,0.015654530584080412,0.428467720746994,real
10__outside_talking_still_laughing.mp4,10.0,0.0,nan,nan,0.0788236769649929,0.24524218816348467,0.024919680951695358,0.46256349980831146,real
10__podium_speech_happy.mp4,10.0,0.0,0.48903764192266624,0.6003410499077154,0.00827104302977691,0.640648141597513,0.012562724562095744,0.46190995616572245,real
10__talking_angry_couch.mp4,30.0,0.333,0.7687517428328547,2.539053620471478,0.011337132286603853,0.3352840292842104,0.002315428162026884,0.5368578753301075,real
10__talking_against_wall.mp4,0.0,0.0,6.676566268507306,5.595856245562051,0.00297683374926084,0.5232385907345627,0.03621941282679992,0.4580565392971039,real
10__walk_down_hall_angry.mp4,0.0,0.0,nan,nan,nan,nan,0.03603067022881338,0.3201543039509228,real
10__walking_down_street_outside_angry.mp4,nan,nan,nan,nan,nan,nan,0.015146478711228286,0.3969696419579642,real
10__walking_outside_cafe_disgusted.mp4,0.0,0.0,nan,nan,nan,nan,0.003999244138997581,0.45974708029202055,real
11__exit_phone_room.mp4,0.0,0.0,nan,nan,nan,nan,0.006605814745333711,0.4946967512369156,real
11__kitchen_pan.mp4,40.0,0.331,57.08044259534198,7.138916319862288,0.020098989880814228,0.201247104844684,0.0028534104899985585,0.6281466313770839,real
11__kitchen_still.mp4,30.0,0.192,1.0565890189411953,1.570246328521691,0.00335872665676887,0.1781698990542148,0.005622968002821186,0.6038224590676171,real
11__outside_talking_pan_laughing.mp4,50.0,0.513,nan,nan,0.0433641290995272,0.4959420925785094,0.02266472952240812,0.5175829912934985,real
11__outside_talking_still_laughing.mp4,20.0,0.0,nan,nan,0.029871284972913095,0.7120322429280527,0.004444418750998531,0.5877731016704014,real
11__podium_speech_happy.mp4,20.0,0.0,0.47798743155548395,4.3093778588782765,0.006630561761780854,0.632005083935218,0.00907323716299808,0.46794610576970236,real
11__secret_conversation.mp4,10.0,0.0,nan,nan,nan,nan,0.000502908656147026,0.598939733845847,real
11__talking_against_wall.mp4,70.0,0.862,0.3442594564108569,0.11441971934371649,0.006123312505593461,0.41032825562982883,0.003066267614485696,0.5652155407837459,real
11__talking_angry_couch.mp4,40.0,0.095,7.018839219509675,11.802016421815257,0.008495369390904475,0.13723419028552675,0.014404021353194756,0.5085897807564054,real
11__walk_down_hall_angry.mp4,nan,nan,nan,nan,nan,nan,0.01716646252732192,0.37382233142852783,real
11__walking_down_street_outside_angry.mp4,nan,nan,nan,nan,nan,nan,0.012179840073388602,0.38267489416258677,real
11__walking_outside_cafe_disgusted.mp4,30.0,0.308,nan,nan,nan,nan,0.002145510898019763,0.6130624562501907,real
12__exit_phone_room.mp4,0.0,0.0,nan,nan,nan,nan,0.02594850618126137,0.3834277774606432,real
12__hugging_happy.mp4,40.0,0.815,4.975162687813604,19.012163014114176,0.01872334624980382,0.017595087870196306,0.02420408037557666,0.4397934057882854,real
12__kitchen_pan.mp4,70.0,0.708,3.9257150503381,2.1390492588766765,0.005670581088956192,0.4002657105884992,0.0028117730980738997,0.568491884640285,real
12__kitchen_still.mp4,30.0,0.564,17.51080795351599,6.471716293663634,0.008382291106238724,0.3951515532540103,0.002614086954313929,0.5748557533536639,real
12__outside_talking_pan_laughing.mp4,50.0,0.59,25.75263922004389,1.5435376500090594,0.03399898482944545,0.6664309799523185,0.04638681151638074,0.39285585284233093,real
12__outside_talking_still_laughing.mp4,50.0,0.68,0.8794128874989869,10.989598762403192,0.024770214444236476,0.4606944963048471,0.007479345492486443,0.4704221487045288,real
12__podium_speech_happy.mp4,70.0,1.006,4.392966686720596,10.088854679130241,0.013938880401589124,0.5891105537870609,0.006508002972363361,0.5688248745032719,real
12__secret_conversation.mp4,0.0,0.0,nan,nan,nan,nan,0.0013555700160005862,0.546275475195476,real
12__talking_against_wall.mp4,110.0,0.526,0.40486661332579316,0.7253736265842053,0.003880928550334666,0.7820457827763012,0.1761912080858435,0.36945917350905283,real
12__talking_angry_couch.mp4,20.0,0.0,12.965109411673527,0.22660960594041418,0.01492638490604887,0.26904092158850923,0.0011828210075951315,0.48934675114495413,real
12__walk_down_hall_angry.mp4,nan,nan,nan,nan,nan,nan,0.00895033186368112,0.42148292703287943,real
12__walking_and_outside_surprised.mp4,20.0,0.0,nan,nan,nan,nan,0.0618155008913683,0.48273162118026186,real
12__walking_down_indoor_hall_disgust.mp4,60.0,0.691,nan,nan,nan,nan,0.014177973980882339,0.48677678406238556,real
12__walking_down_street_outside_angry.mp4,0.0,0.0,nan,nan,nan,nan,0.01599655200594238,0.4017072447708675,real
13__exit_phone_room.mp4,30.0,0.5,nan,nan,nan,nan,0.009042589513618233,0.396479640688215,real
12__walking_outside_cafe_disgusted.mp4,20.0,0.0,nan,nan,0.007723943638549086,0.33142917805941363,0.014949075952504895,0.39924226701259613,real
13__kitchen_pan.mp4,50.0,0.57,110.73028631474143,0.9466273848260681,0.0031840468601803855,0.12276357736727331,0.0031917033819419366,0.6563695286001477,real
13__hugging_happy.mp4,50.0,0.737,56.005983489065976,113.53693803839825,0.019676306112473854,0.17166243495116054,0.034914777106938084,0.4853069952556065,real
13__outside_talking_pan_laughing.mp4,0.0,0.0,15.454643364267836,3.592355521500545,0.005088138561321543,0.3223080024358154,0.01373048358696646,0.4341008620602744,real
13__kitchen_still.mp4,50.0,0.472,24.84629344388398,0.8967528157511496,0.0021858057653225643,0.22479769955786422,0.002143351797712967,0.6413107642105648,real
13__outside_talking_still_laughing.mp4,20.0,0.0,nan,nan,nan,nan,0.01635904102087287,0.4683630147150585,real
13__podium_speech_happy.mp4,20.0,0.0,138.55687442645066,0.2755178231773601,0.006081622027422174,0.10289913990592153,0.03569508114430521,0.3883469360215323,real
13__secret_conversation.mp4,30.0,0.043,nan,nan,nan,nan,0.0007258883155632897,0.5885033905506134,real
13__talking_against_wall.mp4,60.0,0.662,1.7137722762254433,2.6611067242116704,0.0029718925448449164,0.7306574900100133,0.10184646930013384,0.4159217114959444,real
13__talking_angry_couch.mp4,30.0,0.057,23.814852015408302,10.557407131589569,0.007824953499046933,0.13177277308001686,0.0038981563494806843,0.5619269268853324,real
13__walk_down_hall_angry.mp4,nan,nan,nan,nan,nan,nan,0.03238260080771787,0.3433867905821119,real
13__walking_and_outside_surprised.mp4,20.0,0.0,nan,nan,nan,nan,0.0618155008913683,0.48273162118026186,real
13__walking_down_street_outside_angry.mp4,20.0,0.0,nan,nan,nan,nan,0.020312500019956912,0.3939657722200666,real
13__walking_down_indoor_hall_disgust.mp4,60.0,0.691,nan,nan,nan,nan,0.014177973980882339,0.48677678406238556,real
13__walking_outside_cafe_disgusted.mp4,nan,nan,nan,nan,nan,nan,0.0035702618936608943,0.48125752593789783,real
14__exit_phone_room.mp4,60.0,0.617,nan,nan,nan,nan,0.00874309813869851,0.4095176543508257,real
14__kitchen_pan.mp4,10.0,0.0,1.9538918180978173,2.70770617619174,0.008805370485764356,0.0925744960782355,0.00043100203947687987,0.6652789328779493,real
14__hugging_happy.mp4,10.0,0.0,nan,nan,nan,nan,0.015928206266835332,0.4851653916495187,real
14__outside_talking_pan_laughing.mp4,30.0,0.556,1.5977322669688416,2.0442454288527516,0.008105956910106675,0.6901808247646034,0.10966392726238285,0.3388364634343556,real
14__kitchen_still.mp4,20.0,0.0,0.1842851117616556,1.0744068307696504,0.007777038478845139,0.19016700547249568,0.006139893263545153,0.5025611711399895,real
14__outside_talking_still_laughing.mp4,20.0,0.0,25.676694070782734,22.141819421873688,0.025235764953659572,0.4773479076034428,0.049021330529025624,0.41185082495212555,real
14__podium_speech_happy.mp4,10.0,0.0,3.790603032601163,3.5203563565508875,0.013334175680554351,0.4320920509365505,0.017303748222600137,0.4946879084621157,real
14__talking_against_wall.mp4,30.0,0.647,1.5916515077618605,1.8139427236101047,0.0038539109208527446,0.829345657424946,0.05495141180498259,0.4150837702410562,real
14__secret_conversation.mp4,20.0,0.0,nan,nan,nan,nan,8.47147977570525e-05,0.7225959300994873,real
14__talking_angry_couch.mp4,30.0,0.0,0.11872291144847101,0.2780632706396661,0.00688722393184018,0.0,0.00047140200435283726,0.6052815786429814,real
14__walk_down_hall_angry.mp4,nan,nan,nan,nan,nan,nan,0.02932929214356201,0.3307432936770575,real
14__walking_and_outside_surprised.mp4,40.0,0.358,nan,nan,nan,nan,0.1614114683387535,0.5353819110563823,real
14__walking_down_indoor_hall_disgust.mp4,30.0,0.12,nan,nan,nan,nan,0.04125634051992425,0.4402503456388201,real
14__walking_down_street_outside_angry.mp4,nan,nan,nan,nan,nan,nan,0.02778266044333577,0.35311189719608854,real
14__walking_outside_cafe_disgusted.mp4,30.0,0.311,1.0494101354925194,0.2954540565939698,0.0016136636798128028,0.6724293793182496,0.009434415967137153,0.5765101122004646,real
15__exit_phone_room.mp4,nan,nan,nan,nan,nan,nan,0.0068153135278927425,0.4088922568729946,real
15__hugging_happy.mp4,20.0,0.0,38.198033596373726,42.98087195855648,0.038939766426880816,0.2103002778555552,0.04554944458816733,0.4355581019605909,real
15__kitchen_pan.mp4,50.0,0.544,1.298843988583511,1.7212660037024425,0.018725347067087988,0.04099688979794506,0.01037159121811523,0.5464998206921986,real
15__kitchen_still.mp4,80.0,0.593,2.557567691769449,3.1650145980532294,0.004020173236523201,0.2353395146122761,0.0011330353965084733,0.5352095833846501,real
15__outside_talking_pan_laughing.mp4,20.0,0.0,1.2817516649013596,1.8676511635896056,0.006697005912522803,0.8821460518683907,0.03132540574629924,0.4480804588113512,real
15__outside_talking_still_laughing.mp4,20.0,0.0,nan,nan,0.020506767107199585,0.8060914821314217,0.022696725608381842,0.4558469887290682,real
15__podium_speech_happy.mp4,30.0,0.093,nan,nan,nan,nan,0.007488477551045695,0.4842551052570343,real
15__talking_angry_couch.mp4,70.0,0.715,4.17614688496907,13.167085528447801,0.011771558071271792,0.10727599640144904,0.0018016613238225026,0.5144637674093246,real
15__talking_against_wall.mp4,30.0,0.0,0.1443954499233773,1.1284936413774618,0.004330243400162349,0.8439676966475641,0.3715766668319702,0.37574135618550436,real
15__walk_down_hall_angry.mp4,nan,nan,nan,nan,nan,nan,0.030000349673043405,0.3587275445461273,real
15__walking_and_outside_surprised.mp4,70.0,0.822,6.338021832756486,18.1765251944797,nan,nan,0.26475228179645327,0.49909243839127676,real
15__walking_down_street_outside_angry.mp4,nan,nan,nan,nan,nan,nan,0.03226901191685881,0.32406450382300783,real
15__walking_down_indoor_hall_disgust.mp4,30.0,0.12,nan,nan,nan,nan,0.04125634051992425,0.4402503456388201,real
15__walking_outside_cafe_disgusted.mp4,nan,nan,nan,nan,nan,nan,0.005507431708143226,0.5259312263556889,real
16__exit_phone_room.mp4,nan,nan,nan,nan,nan,nan,0.007828676164665791,0.46035632491111755,real
01_02__outside_talking_still_laughing__YVGY8LOK.mp4,20.0,0.0,2.769167858621551,2.360175990111377,0.0024561398739179337,0.7420752818596645,0.035947724794303734,0.5172428893191474,fake
01_02__walk_down_hall_angry__YVGY8LOK.mp4,nan,nan,nan,nan,nan,nan,0.021955409037348415,0.36921327241829466,fake
01_03__hugging_happy__ISF9SP4G.mp4,20.0,0.0,37.75378367377246,38.38947289971808,0.030468128930652753,0.04596969334846934,0.02174318112000557,0.4719627414430891,fake
01_03__podium_speech_happy__480LQD1C.mp4,40.0,0.19,4.499199558390785,31.707370859287536,0.006909135570742227,0.6022300673214227,0.018614044047093818,0.47268990320818766,fake
01_11__meeting_serious__9OM3VE0Y.mp4,nan,nan,nan,nan,nan,nan,0.0037701590294351,0.593444790158953,fake
01_03__talking_against_wall__JZUXXFRB.mp4,70.0,0.828,0.8938027730012218,0.24830072585478866,0.002156614417608295,0.6770158301036935,0.2785057925752231,0.35423336923122406,fake
01_11__secret_conversation__4OJNJLOO.mp4,nan,nan,nan,nan,nan,nan,0.003421930271932589,0.4648591897317341,fake
01_11__talking_against_wall__9229VVZ3.mp4,30.0,0.53,1.0137314571100025,0.03888059418276932,0.0022562936273634766,0.6829046657104715,0.5170410850218364,0.3430104915584837,fake
01_11__walking_outside_cafe_disgusted__FAFWDR4W.mp4,0.0,0.0,1.9753450294661472,0.4163981351483544,0.0020863977988365852,0.8575322592607681,0.005378124100388959,0.5046006462403706,fake
01_12__outside_talking_pan_laughing__TNI7KUZ6.mp4,0.0,0.0,2.881626551753423,16.75858267051912,0.004897744780363768,0.5862260365872781,0.0268092935106584,0.4898492395877838,fake
01_20__outside_talking_pan_laughing__OTGHOG4Z.mp4,20.0,0.0,4.613529359453074,11.157336437623776,0.10318752571918306,0.4176409392342805,0.027612689583163177,0.4594599689756121,fake
01_20__outside_talking_still_laughing__FW94AIMJ.mp4,70.0,0.672,4.847673026043604,2.2796523718179227,0.004604033451357989,0.7536756232020356,0.0634009671131415,0.5062747704131263,fake
01_21__walk_down_hall_angry__03X7CELV.mp4,nan,nan,nan,nan,nan,nan,0.015934442885087004,0.37623077843870434,fake
01_27__hugging_happy__ZYCZ30C0.mp4,50.0,0.477,43.39897813134492,27.195413375071233,0.03766874069206497,0.02567487410527887,0.03525804822233373,0.4660524236304419,fake
01_27__outside_talking_still_laughing__ZYCZ30C0.mp4,60.0,0.499,2.633520785150382,4.154329158154528,0.004295777144970741,0.7467108127764251,0.09150000581783908,0.49279486920152393,fake
01_27__walking_outside_cafe_disgusted__ZYCZ30C0.mp4,20.0,0.0,1.6681537662225567,0.5121781871726887,0.0016599288335168458,0.7881213020697062,0.004947704480270788,0.5288851112127304,fake
02_01__secret_conversation__YVGY8LOK.mp4,nan,nan,nan,nan,nan,nan,0.003335236484417692,0.5447866320610046,fake
02_03__walking_down_street_outside_angry__QH3Y0IG0.mp4,0.0,0.0,nan,nan,0.0025283302931185686,0.6068811034358846,0.006451011868193746,0.4444506551538195,fake
02_03__walking_outside_cafe_disgusted__QH3Y0IG0.mp4,nan,nan,nan,nan,nan,nan,0.010976640757040254,0.5017233533518655,fake
02_06__podium_speech_happy__N8OSN8P6.mp4,80.0,0.408,3.9085293268329147,9.839491563381438,0.003996720214421906,0.5343771596387583,0.004891574711239498,0.5205663059438977,fake
02_06__talking_angry_couch__GH8TGTBS.mp4,50.0,0.983,3.8262657731640473,0.08552974232629576,0.018326117803099038,0.17915006999256344,0.003586873004678637,0.47675688777651104,fake
02_06__talking_angry_couch__MKZTXQ2T.mp4,50.0,0.395,3.372639141887033,0.06291300575023281,0.01910604894513429,0.1983284940808851,0.003405706582790507,0.4918919503688812,fake
02_06__walking_and_outside_surprised__N8OSN8P6.mp4,30.0,0.765,0.7972535074540597,1.3398323256719402,0.011619863413186875,0.7826244357000549,0.012119346098708255,0.698480635881424,fake
02_06__walking_down_indoor_hall_disgust__U6MDWIHG.mp4,20.0,0.0,0.4309540898287371,0.06605009215286445,0.016150416249738914,0.6179118545879293,0.14256180450320244,0.3569478520325252,fake
02_07__walk_down_hall_angry__U7DEOZNV.mp4,nan,nan,nan,nan,nan,nan,0.003529363525948221,0.4591160161154611,fake
02_07__meeting_serious__1JCLEEBQ.mp4,nan,nan,nan,nan,nan,nan,0.008532191743142903,0.5645951330661774,fake
02_07__walking_down_street_outside_angry__O4SXNLRL.mp4,10.0,0.0,nan,nan,0.003017408712897304,0.6615169215174291,0.005346719391777047,0.4483433259384973,fake
02_07__walking_and_outside_surprised__1VMZUH1W.mp4,20.0,0.0,0.9035583485868157,1.0059189645397373,0.011594282203733064,0.7842731674897403,0.021180952433496714,0.6719979558672223,fake
02_09__exit_phone_room__HIH8YA82.mp4,nan,nan,nan,nan,nan,nan,0.004900596869577255,0.41620147441114697,fake
02_09__kitchen_pan__HIH8YA82.mp4,20.0,0.0,29.467506904027417,1.7621128009263838,0.007128010075331034,0.23228413784105964,0.009386087988137401,0.5334857404232025,fake
02_12__podium_speech_happy__9D2ZHEKW.mp4,60.0,0.58,2.7878669956410924,6.5284868368716475,nan,nan,0.005132035005122556,0.5212718014206205,fake
02_13__exit_phone_room__CP5HFV3K.mp4,nan,nan,nan,nan,nan,nan,0.007255078958613532,0.4122439708028521,fake
02_13__outside_talking_pan_laughing__2YSYT2N3.mp4,20.0,0.0,7.959064820737757,8.100338004108355,0.02345793707954881,0.5951581260082117,0.024835698323191276,0.4258901370423181,fake
02_13__secret_conversation__CP5HFV3K.mp4,nan,nan,nan,nan,nan,nan,0.5,nan,fake
02_13__podium_speech_happy__2YSYT2N3.mp4,70.0,0.284,3.127639670886778,13.348290272168521,nan,nan,0.0036310242617868687,0.5586655225072589,fake
02_14__outside_talking_pan_laughing__3IUBEKCT.mp4,40.0,0.355,14.125502951057948,4.6358755670336755,0.02272311575247282,0.5499098294901026,0.020864695668153996,0.426763973065785,fake
02_15__exit_phone_room__I8G2LWD1.mp4,nan,nan,nan,nan,nan,nan,0.005926108810984131,0.42735703928130014,fake
02_15__exit_phone_room__MZWH8ATN.mp4,nan,nan,nan,nan,nan,nan,0.007221181328142328,0.4068051959787096,fake
02_15__outside_talking_pan_laughing__I8G2LWD1.mp4,30.0,0.179,4.1795190637722675,2.113972089047392,0.016801406090880842,0.5948330268072745,0.019626597890497317,0.4239655009337834,fake
02_15__secret_conversation__MZWH8ATN.mp4,nan,nan,nan,nan,nan,nan,0.5,nan,fake
02_15__outside_talking_pan_laughing__SB6PMCO0.mp4,50.0,0.554,1.2725556585614297,3.2395701010200435,0.024599146767322402,0.5870783649186189,0.02437576766325427,0.4137456310646875,fake
02_15__talking_angry_couch__HTG660F8.mp4,40.0,0.933,4.444435000460868,0.43330367327600366,0.01826994294337827,0.190208474134111,0.002724607483417328,0.49916192463466097,fake
02_15__talking_against_wall__HTG660F8.mp4,90.0,0.526,0.6065084013170834,0.6192661861399009,0.0026286636095076894,0.7164909494415408,0.1581525398152215,0.4151491607938494,fake
02_15__walk_down_hall_angry__TN2CWM3K.mp4,nan,nan,nan,nan,nan,nan,0.004848039630035471,0.4437228207077299,fake
02_15__talking_angry_couch__I8G2LWD1.mp4,30.0,0.333,1.512466071336869,0.1327503447149427,0.01823762335133093,0.18232071721881457,0.003013834099484874,0.486056278858866,fake
02_15__walking_and_outside_surprised__HTG660F8.mp4,30.0,0.0,0.9766475402773248,1.0119965757154723,0.010785167659260736,0.784468762526243,0.015697926590551754,0.6757502257823944,fake
02_15__walking_and_outside_surprised__I8G2LWD1.mp4,20.0,0.0,0.8219721270695701,1.0175589429663268,0.011712657239102846,0.7854621197719136,0.020179279331517006,0.6875972960676465,fake
02_18__exit_phone_room__OXMEEFUQ.mp4,nan,nan,nan,nan,nan,nan,0.00508469354826957,0.4218287936278752,fake
02_15__walking_and_outside_surprised__MZWH8ATN.mp4,20.0,0.0,0.8477885759305903,1.0169660855426834,0.011222957521415292,0.7849027780329726,0.014140612429140933,0.6772179177829197,fake
02_18__outside_talking_pan_laughing__OXMEEFUQ.mp4,20.0,0.0,4.449843613026436,3.412989567184661,0.017557248107944918,0.5210796257125301,0.024896058935805092,0.417855224439076,fake
02_18__walking_down_street_outside_angry__21JTDDEL.mp4,0.0,0.0,nan,nan,0.0023667976963141694,0.5917247293413083,0.00726419675629586,0.4321384621517999,fake
02_21__kitchen_pan__Z0XHPQAR.mp4,10.0,0.0,12.366892898093514,3.43072658813896,0.009774454033171174,0.23544344627504757,0.016832542917524864,0.523380635040147,fake
02_21__talking_angry_couch__Z0XHPQAR.mp4,60.0,1.058,20.550980114987503,0.9689353563949334,0.019803709438928375,0.18175471445735106,0.0026374499180487226,0.4987820301737104,fake
02_25__talking_against_wall__Z7FQ69VP.mp4,60.0,0.959,0.565343481456719,1.5505666024489835,0.0037141898001569495,0.715971724493752,0.2852230817079544,0.3927723914384842,fake
02_27__hugging_happy__GVFLSZD5.mp4,30.0,0.68,10.666150018765274,8.05534549851463,0.007987590880282166,0.03124921132909327,0.024876331478091224,0.42926224214690073,fake
02_27__walk_down_hall_angry__78M8S6M6.mp4,nan,nan,nan,nan,nan,nan,0.005077065804341275,0.44848425473485676,fake
03_01__walking_and_outside_surprised__JZUXXFRB.mp4,20.0,0.0,78.45900400350327,5.404362863387336,0.019631677971947342,0.2843236922898285,0.0442410383506545,0.4704320175307138,fake
03_04__outside_talking_pan_laughing__T04P6ELC.mp4,40.0,0.255,nan,nan,0.025380822366646568,0.692856951672614,0.043450772928606184,0.36689298280647825,fake
03_04__talking_angry_couch__T04P6ELC.mp4,120.0,0.894,1.8843102444700381,6.0197633562766075,0.007997906810312549,0.15040410800444118,0.007722561472162072,0.402080305985042,fake
03_06__meeting_serious__83ABVHC3.mp4,nan,nan,nan,nan,nan,nan,0.0023914355759708478,0.5882089116743633,fake
03_06__podium_speech_happy__83ABVHC3.mp4,20.0,0.0,3.6271516330202465,2.487306338077655,0.009983105054660822,0.7085680459045808,0.0062075655441731215,0.41784179636410307,fake
03_07__hugging_happy__BKLOCI1M.mp4,60.0,0.73,39.799998418844254,16.82392673023325,0.009104566075793845,0.07965257346737238,0.06784138003630298,0.340481589947428,fake
03_07__walk_down_hall_angry__6PHZRQ4H.mp4,nan,nan,nan,nan,nan,nan,0.02707826386072806,0.3604716339281627,fake
03_07__walk_down_hall_angry__IFSURI9X.mp4,nan,nan,nan,nan,nan,nan,0.022529985456328307,0.3566539479153497,fake
03_07__walking_outside_cafe_disgusted__CDSNLDQ8.mp4,20.0,0.0,0.20457606354654417,2.6724724919726603,0.009179568550672399,0.42346586747929094,0.024479052384517024,0.43920426283563885,fake
03_07__walking_down_indoor_hall_disgust__PWXXULHR.mp4,50.0,0.615,nan,nan,nan,nan,0.0505322662897275,0.38862043619155884,fake
03_07__walking_outside_cafe_disgusted__IFSURI9X.mp4,20.0,0.0,0.18320385548436027,0.22942564982243754,0.014753066654236065,0.39096641469200194,0.017849637411667833,0.440468179328101,fake
03_07__walking_outside_cafe_disgusted__PWXXULHR.mp4,20.0,0.0,nan,nan,nan,nan,0.0100130255699956,0.45102053242070334,fake
03_09__outside_talking_still_laughing__RCETIXYL.mp4,nan,nan,nan,nan,nan,nan,0.017465390364772508,0.39997401194913046,fake
03_11__exit_phone_room__P08VGHTA.mp4,0.0,0.0,nan,nan,nan,nan,0.010604576440528035,0.40255958267620634,fake
03_09__secret_conversation__RCETIXYL.mp4,nan,nan,nan,nan,nan,nan,0.005324429017491639,0.49902361418519703,fake
03_13__kitchen_pan__GBYWJW06.mp4,20.0,0.0,3.9770356836844383,0.19865743719346882,0.01021395999005746,0.02148311918448244,0.011663973231666855,0.4413813033274242,fake
03_11__talking_against_wall__P08VGHTA.mp4,30.0,0.28,0.055896964432390964,2.6904223351237087,0.00948421150005248,0.6134227238725641,0.2065317683986255,0.3128682332379477,fake
03_13__meeting_serious__GBYWJW06.mp4,nan,nan,nan,nan,nan,nan,0.002382546553105515,0.584824970790318,fake
03_13__meeting_serious__T3MZOI8X.mp4,10.0,0.0,nan,nan,nan,nan,0.0025840918949273017,0.5633225951875959,fake
03_13__outside_talking_still_laughing__GBYWJW06.mp4,nan,nan,nan,nan,nan,nan,0.01669217466509768,0.3993126388107027,fake
03_14__podium_speech_happy__Q9NSXM88.mp4,10.0,0.0,4.719987521167579,2.431359995118549,0.009767293099092161,0.6854622410085981,0.00489140282817451,0.4229253636939185,fake
03_14__walk_down_hall_angry__P1L5PF4I.mp4,nan,nan,nan,nan,nan,nan,0.01772594721322613,0.37127859251839773,fake
03_14__talking_against_wall__ZC2KYASW.mp4,40.0,0.289,0.232140232444534,0.715156668975919,0.008525848580890864,0.5918518103297016,0.2531731735382761,0.2830306206430708,fake
03_14__walking_down_street_outside_angry__H0VQHGS3.mp4,0.0,0.0,nan,nan,nan,nan,0.006185744140696313,0.43284587987831663,fake
03_15__kitchen_pan__AIOM1U5V.mp4,20.0,0.0,3.0317727222190918,0.5754070052443275,0.009631230130571836,0.011936139203117195,0.007268833877917912,0.47579108817236765,fake
03_15__kitchen_pan__DNUJD8M2.mp4,40.0,0.371,3.327135621890967,1.2408034618636965,0.010417320950421307,0.011987120893700373,0.007567316642962396,0.47553221242768423,fake
03_15__outside_talking_pan_laughing__Y11NT1YX.mp4,10.0,0.0,nan,nan,0.02455915549096754,0.7264260971493436,0.042386397503183355,0.3677224623305457,fake
03_15__outside_talking_still_laughing__DNUJD8M2.mp4,0.0,0.0,nan,nan,nan,nan,0.014875942442033972,0.3931395709514618,fake
03_15__podium_speech_happy__DG8ITQO3.mp4,20.0,0.0,5.873055443114602,0.7387933885447006,0.009372025916870454,0.6548271359861138,0.0059346381624761435,0.4060599420751844,fake
03_18__walking_outside_cafe_disgusted__22UBC0BS.mp4,30.0,0.165,nan,nan,0.0027453104739993627,0.41335988347415176,0.011129084334243089,0.4409638238804681,fake
03_18__walking_and_outside_surprised__8HNSXOBW.mp4,60.0,0.353,286.35793011599065,12.945473694729433,0.018301244749017388,0.2692799130208236,0.07653682848571666,0.4538958008800234,fake
03_21__exit_phone_room__YCSEBZO4.mp4,20.0,0.0,nan,nan,nan,nan,0.008620524737385235,0.39677303603717257,fake
03_21__kitchen_pan__YCSEBZO4.mp4,20.0,0.0,5.302715318450289,2.1397077635536954,0.008749834960566213,0.013604026611628343,0.0042080068420286155,0.49328942596912384,fake
03_21__meeting_serious__V53E3RVB.mp4,nan,nan,nan,nan,nan,nan,0.0022389505091788514,0.5572017175810677,fake
03_21__secret_conversation__YCSEBZO4.mp4,nan,nan,nan,nan,nan,nan,0.0038001205206715633,0.5093220004013607,fake
03_26__kitchen_pan__WBSXBL82.mp4,40.0,0.505,8.521867480303644,0.639777876914936,0.010473650458522417,0.02137388094138215,0.010379984758661262,0.4623575061559677,fake
03_26__kitchen_still__WBSXBL82.mp4,0.0,0.0,2.9502912725095998,0.7416424931344706,0.011143282391414685,0.02474838863270838,0.02178464675255652,0.3651403614452907,fake
03_26__talking_against_wall__WBSXBL82.mp4,10.0,0.0,0.1000587794427823,0.4775912928247171,0.005222666932005981,0.59032850410634,0.28599134406873156,0.2910783886909485,fake
03_27__walk_down_hall_angry__IL675GCI.mp4,nan,nan,nan,nan,nan,nan,0.017846164010864283,0.37074896693229675,fake
03_27__walking_down_indoor_hall_disgust__IL675GCI.mp4,50.0,0.52,nan,nan,nan,nan,0.01147060643415898,0.3957792967557907,fake
04_01__exit_phone_room__0XUW13RW.mp4,10.0,0.0,5.071472409968466,1.7825848634414367,nan,nan,0.046319571523261924,0.34881922389779774,fake
04_01__outside_talking_still_laughing__0XUW13RW.mp4,nan,nan,nan,nan,nan,nan,0.03182245302014053,0.3699384310415813,fake
04_01__kitchen_still__6I623VU9.mp4,50.0,0.33,2.4989412099247548,3.4677213368983524,0.0034641196762624327,0.2322976830420886,0.00880318638935153,0.508296570607594,fake
04_01__outside_talking_still_laughing__6I623VU9.mp4,nan,nan,nan,nan,nan,nan,0.024407892720773816,0.39596521854400635,fake
04_01__secret_conversation__6I623VU9.mp4,50.0,0.237,nan,nan,nan,nan,0.0013533649596086303,0.5610435307025909,fake
04_07__exit_phone_room__ITC0C48B.mp4,0.0,0.0,0.1076843478924974,0.062446421253134723,0.0009655043630243303,0.7702131550377539,0.10318332518051777,0.3245580345392227,fake
04_06__kitchen_still__ZK95PQDE.mp4,40.0,0.424,4.971190089625941,6.375019235049335,0.004598717072353227,0.2253390958930124,0.008271552185760811,0.5345526997532163,fake
04_07__kitchen_pan__XRK7FGZX.mp4,40.0,0.785,1.685193844927846,0.8084066941182176,0.021061519478883364,0.23233364589185848,0.020717528282797763,0.513993861419814,fake
04_12__walking_down_street_outside_angry__96TQKDFJ.mp4,nan,nan,nan,nan,nan,nan,0.03522239351877943,0.4277671490396772,fake
04_13__podium_speech_happy__00T3UYOR.mp4,20.0,0.0,0.09697488638671818,1.563040727313098,0.0043068275960886,0.8055915667148149,0.004818008447598133,0.445002664412771,fake
04_13__secret_conversation__00T3UYOR.mp4,50.0,0.443,nan,nan,nan,nan,0.001559339657043373,0.5424938393490655,fake
04_13__walking_down_street_outside_angry__00T3UYOR.mp4,nan,nan,nan,nan,nan,nan,0.04875695757800713,0.40855778753757477,fake
04_13__walking_outside_cafe_disgusted__00T3UYOR.mp4,nan,nan,nan,nan,nan,nan,0.02740348651838888,0.3565659544297627,fake
04_18__kitchen_still__NAXINA1N.mp4,20.0,0.0,5.35855974077238,8.097183216950034,0.0031100447980218888,0.25308951787069567,0.0074749588301139215,0.5529759398528508,fake
04_21__walking_down_street_outside_angry__5Y31RZP8.mp4,nan,nan,nan,nan,nan,nan,0.023129933580224003,0.4320890839610781,fake
04_26__outside_talking_still_laughing__WX836VLY.mp4,nan,nan,nan,nan,nan,nan,0.035478940699249506,0.39632738062313627,fake
05_08__talking_against_wall__PRBCE28Z.mp4,40.0,0.506,0.5031808728825461,0.8324372052907173,0.008888000583223823,0.8603871117561539,0.6151731014251709,0.4742496588400432,fake
05_16__exit_phone_room__B62WCGUN.mp4,nan,nan,1.422327015147223,1.2371438850814553,nan,nan,0.003551973445740129,0.42459758690425325,fake
05_16__walk_down_hall_angry__OSXCUOHX.mp4,nan,nan,nan,nan,nan,nan,0.0024008303132307318,0.48183928430080414,fake
05_16__walk_down_hall_angry__U9WZI5LK.mp4,nan,nan,nan,nan,nan,nan,0.0027773651651971576,0.4798359381301062,fake
05_17__hugging_happy__YTJYYDO9.mp4,70.0,0.658,9.520098000920417,14.322816582969887,0.029536326244971385,0.07864832617272435,0.02328212860239936,0.449721451316561,fake
05_17__walking_down_street_outside_angry__M3H96PDQ.mp4,0.0,0.0,nan,nan,nan,nan,0.0010210947652272548,0.5883825038160596,fake
05_28__exit_phone_room__U9LRLJ6N.mp4,nan,nan,1.5883767843476235,0.28985508386787323,nan,nan,0.003023376366140188,0.44300462944167,fake
05_28__kitchen_still__W3J028UG.mp4,50.0,0.619,0.5142281519911922,7.431787869408555,0.0031505649789077914,0.4560134192865088,0.00938108833673011,0.5401957162788936,fake
06_02__podium_speech_happy__N8OSN8P6.mp4,60.0,0.371,4.940866466264349,7.274652479117638,0.015459191700297503,0.512777567516376,0.033599930349737406,0.41975549714905874,fake
06_02__walk_down_hall_angry__37DH75GQ.mp4,nan,nan,nan,nan,nan,nan,0.04547984592084374,0.34711627449308124,fake
06_03__talking_against_wall__4I8LRXWF.mp4,90.0,0.708,3.8474070916230736,1.3444701845703537,0.011671791255027663,0.48762256127687326,0.7121741239513669,0.40197531240327017,fake
06_04__outside_talking_still_laughing__ZK95PQDE.mp4,nan,nan,nan,nan,nan,nan,0.004119130446010136,0.45579580324036734,fake
06_07__exit_phone_room__NMGYPBXE.mp4,20.0,0.0,0.5032820465846346,0.1884268150181107,0.0025071859826573113,0.6933788979067005,0.02187169303319284,0.3844676379646574,fake
06_04__walking_outside_cafe_disgusted__ZK95PQDE.mp4,0.0,0.0,10.7487182220648,0.7569139837788654,0.016431634348285686,0.6704112266531,0.07293598340558154,0.33497628782476696,fake
06_07__walking_down_street_outside_angry__NMGYPBXE.mp4,nan,nan,nan,nan,nan,nan,0.0014101822868854339,0.4963151940277645,fake
06_07__kitchen_pan__NMGYPBXE.mp4,80.0,0.485,4.0858917845847635,1.4518838198428108,0.019287290999885437,0.10655813951813503,0.018341243899028217,0.4729133205754416,fake
06_11__walking_outside_cafe_disgusted__MX659QU8.mp4,30.0,0.037,7.324741688085549,2.1069838174952635,0.002283414464474045,0.69530435784391,0.07580550826553788,0.3274456688335964,fake
06_12__outside_talking_pan_laughing__3K21NFNM.mp4,0.0,0.0,7.053719045766343,0.8202571385935229,0.028942111757253752,0.3348956755077417,0.019653561641462147,0.4138849398919514,fake
06_12__podium_speech_happy__0VR4Y891.mp4,20.0,0.0,6.197272945946661,5.845464586065117,0.017374441184730187,0.5209243747280753,0.02693236491177231,0.42351893867765156,fake
06_12__podium_speech_happy__3K21NFNM.mp4,50.0,0.452,10.966415647340199,6.882337587646195,0.01567975317139737,0.5251372026062713,0.03249243542086333,0.40611317328044344,fake
06_14__outside_talking_pan_laughing__8U9ULZDT.mp4,10.0,0.0,1.3529907662723886,0.5878562921944221,0.008628270998625053,0.3627672747725748,0.024646367777937224,0.3893497564962932,fake
06_14__walking_down_indoor_hall_disgust__8U9ULZDT.mp4,60.0,0.4,33.21286303286677,1.798785113904397,0.027058706743716382,0.23496534873023733,0.18695152683981828,0.31271935786519733,fake
06_14__walking_and_outside_surprised__8U9ULZDT.mp4,30.0,0.479,nan,nan,nan,nan,0.08206016437283584,0.4910732422556196,fake
06_15__exit_phone_room__QRCD27P8.mp4,0.0,0.0,0.5271122095540071,0.12481778458181868,0.002233110150921041,0.6552907810061831,0.01917538941571755,0.35594634073121206,fake
06_15__outside_talking_still_laughing__QRCD27P8.mp4,nan,nan,nan,nan,nan,nan,0.004723485218294497,0.4442189016512462,fake
06_18__outside_talking_pan_laughing__DEA1TCLN.mp4,30.0,0.732,1.8444144814974475,1.1787709396026445,0.005765959563211022,0.3490663992790936,0.031378273270092905,0.38229858023779734,fake
06_15__walking_and_outside_surprised__QRCD27P8.mp4,40.0,0.569,nan,nan,0.013173679874056371,0.5599762743485943,0.12337147524314267,0.4738511975322451,fake
06_18__outside_talking_still_laughing__M36D0OJT.mp4,nan,nan,nan,nan,nan,nan,0.0033198095708420233,0.47337683609553743,fake
06_18__podium_speech_happy__DEA1TCLN.mp4,40.0,0.456,3.7925577099606462,11.63159114821435,0.015460995054687529,0.5127880826584391,0.025992354112012044,0.4143997005053929,fake
06_18__walk_down_hall_angry__LH0KWJKM.mp4,nan,nan,nan,nan,nan,nan,0.02703857877557831,0.36035203082220896,fake
06_20__kitchen_pan__6SUW7063.mp4,50.0,0.378,2.8441084334998954,2.3592527129342047,0.018551350625952114,0.023507190603419416,0.01510513897353251,0.5414785487311227,fake
06_25__outside_talking_pan_laughing__MI9BDQ7M.mp4,10.0,0.0,1.9991143444145913,0.9633209157244541,0.009311512205066022,0.3511237507547692,0.02465241013227829,0.4183918237686157,fake
06_25__talking_angry_couch__MI9BDQ7M.mp4,50.0,0.328,0.9196381327776101,15.76335243273818,0.02177918672843869,0.02335030178837598,0.008202945314613836,0.5401740797928402,fake
06_25__walking_and_outside_surprised__MI9BDQ7M.mp4,30.0,0.704,nan,nan,0.01529694626601745,0.5693936762426215,0.192844346099134,0.49175938751016346,fake
06_26__kitchen_pan__L5BVR5L9.mp4,40.0,0.52,0.5656614758190328,4.4194107435402605,0.017822762322178685,0.09760172306383481,0.013571035316480058,0.49885799416473936,fake
06_27__talking_angry_couch__JOG5PB18.mp4,30.0,0.692,1.439743386472829,28.691372661222655,0.02693495169488575,0.01770761190944347,0.007994930717229311,0.5108474727187838,fake
06_26__kitchen_still__L5BVR5L9.mp4,70.0,0.669,2.6798111163478877,13.994386667705923,0.020120353207641318,0.0028994052841163323,0.016593980004212687,0.5346604415348598,fake
07_02__talking_angry_couch__1H07DFQJ.mp4,40.0,0.757,2.948519264663283,6.876690904633178,nan,nan,0.002551773891484897,0.5754852848393577,fake
06_27__walking_and_outside_surprised__O7L5Z9U8.mp4,50.0,0.619,nan,nan,nan,nan,0.12928560116727436,0.4839403118406023,fake
07_02__walking_down_street_outside_angry__O4SXNLRL.mp4,nan,nan,nan,nan,nan,nan,0.008195089143035668,0.4488789971385683,fake
07_03__hugging_happy__7NGMD8FT.mp4,70.0,0.531,11.348241007966411,27.84454493772479,0.0263802344065974,0.005246170637934701,0.039398435702813525,0.4382361514227731,fake
07_03__outside_talking_pan_laughing__IFSURI9X.mp4,nan,nan,nan,nan,nan,nan,0.025752127370131866,0.41539445519447327,fake
07_03__podium_speech_happy__6PHZRQ4H.mp4,40.0,0.13,nan,nan,nan,nan,0.01368206790565247,0.49199969853673664,fake
07_03__secret_conversation__IFSURI9X.mp4,0.0,0.0,nan,nan,nan,nan,0.0018400589989531519,0.5380075063024249,fake
07_03__walking_outside_cafe_disgusted__F0YYEA5W.mp4,10.0,0.0,3.0974036729608034,1.3054512973735355,nan,nan,0.011258903558232955,0.3768180183001927,fake
07_03__talking_angry_couch__WPT3Z2KN.mp4,20.0,0.0,1.5721859537070466,8.226549337989749,nan,nan,0.00193131370386774,0.6020900479384831,fake
07_06__kitchen_pan__NMGYPBXE.mp4,80.0,0.558,22.170165028255457,10.631257708152987,0.004993817095278264,0.039342460499043254,0.0028471586951387246,0.5400530632053103,fake
07_06__outside_talking_still_laughing__NMGYPBXE.mp4,nan,nan,21.44698285715473,16.175392673574272,nan,nan,0.026202123753526912,0.42427937047822134,fake
07_06__walking_down_street_outside_angry__NMGYPBXE.mp4,nan,nan,nan,nan,nan,nan,0.009270157681645028,0.4448471984692982,fake
07_09__outside_talking_still_laughing__N9CWME71.mp4,nan,nan,nan,nan,nan,nan,0.017980289994738996,0.42701718849795206,fake
07_09__walk_down_hall_angry__N9CWME71.mp4,nan,nan,nan,nan,nan,nan,0.001541039440780878,0.5186744098152433,fake
07_13__walking_outside_cafe_disgusted__RVQCPCJF.mp4,20.0,0.0,0.26020338764782247,12.08776259080367,0.004218359336037121,0.7409279692788033,0.016532779754405574,0.41693378346306936,fake
07_12__outside_talking_still_laughing__0VN0A2T3.mp4,40.0,0.0,7.1397401906133195,3.4230626280849528,nan,nan,0.014626755246094294,0.42083693189280375,fake
07_14__exit_phone_room__P9QFO50U.mp4,0.0,0.0,1.2508275625691097,1.8999784125141943,0.003548824409229033,0.7229366858182581,0.005488981081206086,0.4947475812264851,fake
07_14__talking_against_wall__P9QFO50U.mp4,50.0,0.397,5.308938053562804,3.2161077858806766,0.005760106004218476,0.15280649645858907,0.5233298029218402,0.38471647032669615,fake
07_15__hugging_happy__9Z2MLKVX.mp4,60.0,0.694,15.960477947058202,25.391962572273947,0.028942137390742924,0.0,0.061357864078932574,0.4347622011389051,fake
07_20__outside_talking_pan_laughing__KV6Q7D6C.mp4,30.0,0.397,nan,nan,nan,nan,0.02095318164875997,0.4178161067622049,fake
07_20__talking_against_wall__KV6Q7D6C.mp4,40.0,0.506,5.40824327767315,4.355263517266845,0.010400100674251291,0.15433698938718526,0.5648145526647568,0.3964913615158626,fake
07_21__exit_phone_room__K7KXUHMU.mp4,0.0,0.0,0.4990116969709365,1.0640899708871434,0.004772598264690581,0.6253053847404862,0.005199353368620255,0.487684394632067,fake
07_21__outside_talking_still_laughing__K7KXUHMU.mp4,nan,nan,19.68028075338923,7.460909323675487,nan,nan,0.010455260423311432,0.4735031532389777,fake
07_21__talking_against_wall__MKU99DVX.mp4,40.0,0.0,3.6750016791115105,2.70990327444537,0.003417229930013975,0.17327087186964882,0.4943010040691921,0.3954768606594631,fake
07_25__walk_down_hall_angry__PAE9HCA8.mp4,nan,nan,nan,nan,nan,nan,0.0009085203024109692,0.5503676576273782,fake
07_26__walk_down_hall_angry__FGNGC2GT.mp4,nan,nan,nan,nan,nan,nan,0.002839226886862889,0.4876105104173933,fake
07_26__walking_down_street_outside_angry__FGNGC2GT.mp4,nan,nan,nan,nan,nan,nan,0.009250997831778867,0.46076339909008573,fake
07_27__walking_down_street_outside_angry__3RH5PR6S.mp4,nan,nan,nan,nan,nan,nan,0.007171366746271295,0.45625301556927816,fake
08_05__walk_down_hall_angry__FBICSP2C.mp4,30.0,0.617,nan,nan,nan,nan,0.005898575539634164,0.4554912639515741,fake
08_16__podium_speech_happy__8Q7JCS95.mp4,20.0,0.0,7.612511144335604,10.421347499607288,0.008270613034634035,0.6217037133145448,0.0024048047593428885,0.604462764092854,fake
08_28__outside_talking_pan_laughing__8BC35RFU.mp4,40.0,0.116,5.583879504054918,0.12843018796834002,nan,nan,0.020083249525799016,0.4401487282344273,fake
09_01__walk_down_hall_angry__6TSGVLHA.mp4,nan,nan,nan,nan,nan,nan,0.011902518686838448,0.3976693089519228,fake
09_01__talking_against_wall__O8HNNX43.mp4,30.0,0.257,0.11671937049569514,6.974401352110585,0.0015258205483111905,0.7622825948752162,0.09494193763073001,0.4029073012726648,fake
09_02__walk_down_hall_angry__6KUOFMZW.mp4,nan,nan,nan,nan,nan,nan,0.046062221650832465,0.3701771391289575,fake
09_02__walking_down_street_outside_angry__6KUOFMZW.mp4,0.0,0.0,0.1447901327735635,0.08036679322868516,0.0019956527380149353,0.7974620504137963,0.011817417506660734,0.49735045645918163,fake
09_02__walking_down_street_outside_angry__9TDCEK1Q.mp4,20.0,0.0,nan,nan,nan,nan,0.01484777930558526,0.47850477269717623,fake
09_03__kitchen_pan__8DTEGQ54.mp4,40.0,0.0,6.6416030242404425,1.0981215210232174,0.004722130535198671,0.11321958471355711,0.009134818032699903,0.6402161249092647,fake
09_03__talking_against_wall__8DTEGQ54.mp4,50.0,0.544,0.16529692356752976,5.779937339951735,0.0016654702076375955,0.7588571895428813,0.07948360698563713,0.41222050360270907,fake
09_07__kitchen_pan__N9CWME71.mp4,20.0,0.0,3.6113735473219215,0.7064112114876266,0.0034474739565036367,0.10133859671502424,0.022011032961017918,0.6201412975788116,fake
09_13__outside_talking_pan_laughing__LPT427RY.mp4,60.0,0.574,18.645907806765376,37.197912725124915,0.009906820200418387,0.3472600822173328,0.05833108816295862,0.391236988561494,fake
09_13__kitchen_pan__21H6XSPE.mp4,30.0,0.0,8.181825599128693,1.4144972760296644,0.00702794663096321,0.10570246290391912,0.07521523607699367,0.6164116135665348,fake
09_18__outside_talking_pan_laughing__3VP8836C.mp4,60.0,0.307,33.30607122102074,13.930332911770613,0.005767438882052261,0.3611552342478127,0.05538555647113493,0.4192698768207005,fake
09_20__kitchen_pan__98NUQ3E6.mp4,10.0,0.0,3.365013513984583,1.0054930057720148,0.0040951300497289594,0.11174986736714522,0.037208779711883314,0.5764198239360537,fake
09_20__podium_speech_happy__O5X0AWR9.mp4,70.0,0.488,4.077380479708438,3.4027301335576494,0.0054012741671629885,0.5883019746666194,0.09757576709879297,0.3780609944037029,fake
09_25__walking_down_street_outside_angry__5041ODBN.mp4,0.0,0.0,nan,nan,nan,nan,0.007744451253009694,0.5286125242710114,fake
09_20__talking_angry_couch__0IRM5ADD.mp4,20.0,0.0,37.44967361561514,20.682356231722153,0.002324940682350028,0.1800164026364412,0.0008822433987266517,0.5277313590049744,fake
09_26__walk_down_hall_angry__QSE5A0GF.mp4,nan,nan,nan,nan,nan,nan,0.03908812653805528,0.37011278527123587,fake
09_26__talking_against_wall__C3K20JOL.mp4,30.0,0.409,0.1446242356340569,8.802242875197972,0.001540037658586163,0.779622634619551,0.05162208939769438,0.4352650067635945,fake
10_19__kitchen_still__IDX76N5R.mp4,10.0,0.0,5.294249820452975,1.6305431318656358,0.0038122090794748932,0.04890305265424712,0.0006451949125870929,0.5720567660672324,fake
10_22__kitchen_pan__EHARPYBT.mp4,20.0,0.0,2.1150817258053523,0.8790649833840409,0.003962028929512758,0.13243150220372474,0.0009861224716587458,0.6205024591514042,fake
10_22__kitchen_still__EHARPYBT.mp4,10.0,0.0,7.470929989022866,1.4796220148625787,0.004362496296286778,0.07907110276137569,0.0008944498695200309,0.5556164703198841,fake
