video_path,blink_rate,interval_cv,yaw_variance,pitch_variance,landmark_jitter,face_symmetry_mean,label,cnn_score,embedding_mean
01__exit_phone_room.mp4,10.0,0.0,,,,,real,0.3430126979947091,0.3876438747433822
01__hugging_happy.mp4,30.0,0.19,10.908355659031637,43.30783646592611,0.2633108133239186,0.0428225251219781,real,0.1685613543540061,0.5002489455126413
01__kitchen_pan.mp4,40.0,0.642,0.5628715131853971,6.29341489935928,0.0038335680659697,0.0092142002148058,real,0.417541450155633,0.1978598151888166
01__kitchen_still.mp4,30.0,0.479,3.212873605620912,0.7202615941535425,0.0047006086028489,0.0006753457884876,real,0.0002160016698963,0.6436403750055473
01__meeting_serious.mp4,,,,,,,real,0.3432755385603739,0.5886142475779494
01__outside_talking_pan_laughing.mp4,40.0,0.465,5.459842668442336,10.259281048883064,0.0248302781445139,0.5293578016173033,real,0.1633356427523708,0.2340588629586623
01__outside_talking_still_laughing.mp4,60.0,0.333,0.6715150266270495,0.5381049012202627,0.0022772789465701,0.7466209516619468,real,0.1107008412051037,0.5095283939994469
01__podium_speech_happy.mp4,40.0,0.686,1.9747752057695176,36.05047863904694,0.0052690315105306,0.6048405556269286,real,0.0042089783851441,0.5165419680373542
01__secret_conversation.mp4,,,,,,,real,0.3992649660175151,0.6618152307538032
01__talking_against_wall.mp4,70.0,0.969,0.6020850220319783,0.3099566793371389,0.0032074238038042,0.6679215931716441,real,0.0022962689713757,0.5582103296461098
01__talking_angry_couch.mp4,40.0,1.035,0.2825965634372817,13.600236078323103,0.0061531239054547,0.0896088782568053,real,0.0417716473317416,0.4791916133389557
01__walk_down_hall_angry.mp4,,,,,,,real,0.0160528264153085,0.3846156084488686
01__walking_down_indoor_hall_disgust.mp4,50.0,0.492,0.3888118722553912,0.0336667656970509,0.0158508661706,0.6168481446788561,real,0.0787638362324999,0.6409775666704153
01__walking_and_outside_surprised.mp4,20.0,0.0,0.8870335958559862,1.0399725810133809,0.0113910443540799,0.783809606627873,real,0.5536428395214558,0.4847539110352131
01__walking_outside_cafe_disgusted.mp4,10.0,0.0,0.9404873250359724,5.160576027703834,0.002202478073643,0.8865470399490292,real,0.46188175616165,0.2936664745211602
01__walking_down_street_outside_angry.mp4,10.0,0.0,,,,,real,0.0299292928026411,0.3171757709089754
02__exit_phone_room.mp4,,,,,,,real,0.4506362598653399,0.304704357764011
02__hugging_happy.mp4,20.0,0.0,16.32158056768907,7.768369914262231,0.1997989856818925,0.0504186073951036,real,0.0628477178482681,0.5489491708623111
02__kitchen_pan.mp4,20.0,0.0,47.593855946240005,0.78086351775806,0.0128794068585715,0.2010616939780018,real,0.1702260561453206,0.4557669449994612
02__kitchen_still.mp4,20.0,0.0,0.5100851548287674,0.60633016527041,0.0020470920036456,0.3413218852003373,real,0.0232161255723368,0.6578221035521872
02__meeting_serious.mp4,,,,,,,real,0.5869710344425385,0.5485730810388549
02__outside_talking_pan_laughing.mp4,30.0,0.186,2.828498284354505,6.045209633736564,0.0148360788214908,0.5737486692780173,real,0.295528829000081,0.2370723403562592
02__outside_talking_still_laughing.mp4,70.0,0.997,3.3198245502206496,0.2369866571029904,0.0165445357268097,0.7024711065151148,real,0.0724224681949853,0.4911408623631326
02__podium_speech_happy.mp4,80.0,0.449,3.278342233781315,10.039469782186352,,,real,0.0136413813994164,0.5259561724886219
02__secret_conversation.mp4,,,,,,,real,0.3582284524562936,0.6413249423086279
02__talking_against_wall.mp4,80.0,0.495,0.3963902163168805,0.4312497680777989,0.0027491715791622,0.7251868366048418,real,0.0099102165474068,0.5658767147756734
02__talking_angry_couch.mp4,60.0,0.944,1.0621652961257186,0.0734803549296071,0.0158731705389001,0.1868824179274874,real,0.4775048616261881,0.6508170667395882
02__walk_down_hall_angry.mp4,,,,,,,real,0.2039681385670389,0.219349378986018
02__walking_and_outside_surprised.mp4,20.0,0.0,0.8870335958559862,1.0399725810133809,0.0113910443540799,0.783809606627873,real,0.5536428395214558,0.4847539110352131
02__walking_down_indoor_hall_disgust.mp4,50.0,0.492,0.3888118722553912,0.0336667656970509,0.0158508661706,0.6168481446788561,real,0.0787638362324999,0.6409775666704153
02__walking_down_street_outside_angry.mp4,0.0,0.0,,,,,real,0.0479894663407069,0.3165606714497823
02__walking_outside_cafe_disgusted.mp4,,,,,,,real,0.327343858518508,0.3649458617528786
03__exit_phone_room.mp4,0.0,0.0,,,,,real,0.2924745045602321,0.3860655167627418
03__hugging_happy.mp4,20.0,0.0,30.108491875829284,12.283750971334108,0.0068999952735145,0.0841747224435481,real,0.0805220462679468,0.4607175995314768
03__kitchen_pan.mp4,80.0,0.593,3.126532452941009,1.3362355381487587,0.0296128265160846,0.0138621639992983,real,0.4019400972949449,0.2514065224138194
03__kitchen_still.mp4,20.0,0.0,0.432164004310994,0.4254070279842727,0.0085556274199099,0.0,real,0.0005081409104136,0.5636912913597848
03__meeting_serious.mp4,0.0,0.0,,,,,real,0.5590979508879658,0.5059510546168855
03__outside_talking_still_laughing.mp4,,,,,,,real,0.0651690215232618,0.4753472430034327
03__outside_talking_pan_laughing.mp4,40.0,0.371,2.5301273819219325,22.97434710762653,0.0188505628814964,0.7409662303956055,real,0.2559210990888017,0.2435878959999168
03__podium_speech_happy.mp4,30.0,0.657,5.416230528241755,1.710424551349096,0.0082931279666277,0.6700784573741855,real,0.0050620043376459,0.5981963906512401
03__secret_conversation.mp4,0.0,0.0,,,,,real,0.2827075768940535,0.4445799005313877
03__talking_against_wall.mp4,80.0,0.948,0.1624809627627087,0.2324026056129215,0.0077029731727386,0.6087090759486364,real,0.0330018635857848,0.4131504883042774
03__talking_angry_couch.mp4,30.0,0.431,0.9330592447061544,3.067222440628936,0.0081329093879426,0.1509155671821835,real,0.0677745613790547,0.5662820264223951
03__walk_down_hall_angry.mp4,,,,,,,real,0.1366294783850427,0.2978631796654059
03__walking_and_outside_surprised.mp4,40.0,0.438,119.32498943080287,0.4120898163041249,0.0236600016955882,0.0392882540689106,real,0.6416331777301983,0.5814547878699253
03__walking_down_street_outside_angry.mp4,,,,,,,real,0.0694639273953958,0.3078988692703128
03__walking_down_indoor_hall_disgust.mp4,60.0,0.416,,,,,real,0.4480197819845133,0.1877040554370198
04__exit_phone_room.mp4,0.0,0.0,0.2667989884915362,0.2900832911325552,0.0036744613453525,0.666393991451621,real,0.2432819341176655,0.5194612814840116
03__walking_outside_cafe_disgusted.mp4,20.0,0.0,,,,,real,0.1249085309811764,0.3632080491100038
04__kitchen_pan.mp4,40.0,0.725,0.7010306227351721,1.0436895222607645,0.00635546762385,0.2566857407258192,real,0.2688151855030352,0.4204236044100256
04__kitchen_still.mp4,50.0,0.552,4.150872351039304,3.755093879089409,0.0049031310641209,0.2208429898100025,real,0.7611701395393096,0.6093884230822278
04__outside_talking_pan_laughing.mp4,,,,,,,real,0.256968027644733,0.2641671337955668
04__outside_talking_still_laughing.mp4,,,,,,,real,0.0981237539048959,0.5087853728371975
04__podium_speech_happy.mp4,30.0,0.726,0.2750553447415876,0.2722112040761498,0.0046509552642381,0.7841870798387888,real,0.0691370716203396,0.5052098544340552
04__secret_conversation.mp4,60.0,0.528,,,,,real,0.5837066405363261,0.4913852843390694
04__talking_against_wall.mp4,60.0,0.565,1.146718688850259,6.959211567061953,0.002719888324106,0.7205794567614846,real,0.0192210057784052,0.4106135836806135
04__talking_angry_couch.mp4,50.0,1.121,6.43748486338483,15.4572228418007,0.0162281437207748,0.0809599199919543,real,0.0394644180714959,0.6505572429219642
04__walk_down_hall_angry.mp4,,,,,,,real,0.2391395196318625,0.2445496725184576
04__walking_down_street_outside_angry.mp4,,,,,,,real,0.0371220555563648,0.3681161773732725
04__walking_outside_cafe_disgusted.mp4,,,,,,,real,0.287660162876054,0.2682768260794027
05__exit_phone_room.mp4,,,,,,,real,0.0371949575745233,0.3742554388013595
05__hugging_happy.mp4,40.0,0.461,9.674597271367793,50.288047709162825,0.0298541528989923,0.0565985099398386,real,0.0147603504561509,0.5202231982951303
05__kitchen_pan.mp4,60.0,0.581,7.304472170638405,9.785672729124007,0.0027041633896372,0.3403534663772688,real,0.1917394537978211,0.331016318211226
05__outside_talking_pan_laughing.mp4,,,,,,,real,0.1362171539686931,0.2328167425935342
05__kitchen_still.mp4,60.0,0.597,0.6405000467061618,12.365315448474936,0.0038972512954274,0.4924585059562051,real,0.332689240924192,0.5151720668176316
05__outside_talking_still_laughing.mp4,,,,,,,real,0.0044658411059564,0.5656910711886928
05__podium_speech_happy.mp4,,,,,,,real,0.0005566913981243,0.5331088350492069
05__walk_down_hall_angry.mp4,,,,,,,real,0.1427044975067261,0.2903722596799444
05__talking_against_wall.mp4,40.0,0.816,0.4670561776274592,1.455238766934196,0.0069166483677362,0.8346809524918641,real,0.0009492218873161,0.5526745877695368
05__walking_down_street_outside_angry.mp4,,,,,,,real,0.0215382645218589,0.4010598469979406
05__walking_outside_cafe_disgusted.mp4,,,,,,,real,0.3223564124976595,0.3656938012157167
06__exit_phone_room.mp4,10.0,0.0,0.1727544715629013,0.0109607470857271,0.0024662729620625,0.7499726893721388,real,0.4293208942175077,0.4718863919045526
06__hugging_happy.mp4,20.0,0.0,11.287779698584268,8.580395512350517,0.0274515386645379,0.0039238204960775,real,0.1190223371458701,0.4230555442440858
06__kitchen_pan.mp4,50.0,0.165,0.9487896468825684,8.146674225183142,0.0031597409417676,0.090760800540587,real,0.312198961317942,0.3343758193123586
06__outside_talking_pan_laughing.mp4,10.0,0.0,7.972608985715656,1.0227157856585491,0.0123418256414522,0.4001128171857135,real,0.1747274991526968,0.317163023417951
06__kitchen_still.mp4,90.0,0.554,1.7835836296100536,18.812705139301155,0.0206226365221637,0.003865191711292,real,0.1259750113129744,0.5545045646800223
06__outside_talking_still_laughing.mp4,,,1.1992670578996272,7.513361410234649,,,real,0.0219449167842314,0.4877603457859866
06__podium_speech_happy.mp4,40.0,0.457,5.1554455129500525,12.187995502963076,0.0154785151798376,0.5034772327245159,real,0.0870898987245035,0.4461538865602802
06__talking_angry_couch.mp4,60.0,0.598,1.9238502675101696,20.731020260423588,0.024264255664746,0.0242055569075056,real,0.634401831237156,0.5527726755054067
06__talking_against_wall.mp4,60.0,0.618,18.71990831286308,10.771948976442207,0.0113865489349738,0.4820581175916534,real,0.0232462274121386,0.4606507965978978
06__walk_down_hall_angry.mp4,,,,,,,real,0.309752537735871,0.1980453522077629
06__walking_and_outside_surprised.mp4,30.0,0.362,,,,,real,0.5954318688647847,0.5822243905909378
06__walking_down_indoor_hall_disgust.mp4,50.0,0.0,0.6233244397856642,4.920615416847173,,,real,0.325425414989392,0.5346954983049359
06__walking_down_street_outside_angry.mp4,,,,,,,real,0.0897602256831545,0.2890090317606707
06__walking_outside_cafe_disgusted.mp4,20.0,0.0,0.0849469729798863,0.1053905441980214,0.0123520179130777,0.7078178877304667,real,0.2253777685419711,0.4083585536212079
07__exit_phone_room.mp4,0.0,0.0,,,,,real,0.2366636632424262,0.208055809457935
07__hugging_happy.mp4,70.0,0.393,8.671088316229127,55.5890374561734,0.0187952493876178,0.0042296516923655,real,0.0512977036114879,0.5469987127244047
07__kitchen_pan.mp4,50.0,0.636,12.126233297171469,15.556573903225816,0.0099016363886723,0.0366623911743382,real,0.4234099239110948,0.229375018579245
07__kitchen_still.mp4,70.0,0.577,0.4395155573768534,9.11616558006146,0.0062011622220455,0.0094888004973266,real,0.0323488437830456,0.6345292032307026
07__outside_talking_pan_laughing.mp4,,,,,,,real,0.2026522983366001,0.2880708928416446
07__outside_talking_still_laughing.mp4,,,,,0.0212465579510639,0.4035176111974015,real,0.0041150042723511,0.5993507976589751
07__podium_speech_happy.mp4,,,,,,,real,0.0056073018185278,0.5586517669443058
07__secret_conversation.mp4,10.0,0.0,,,,,real,0.3565548121549526,0.438268509450569
07__talking_against_wall.mp4,30.0,0.662,5.18932757910493,6.966426805199685,0.0090687469429078,0.1077425339348091,real,0.0046851580168751,0.52554120591168
07__walk_down_hall_angry.mp4,,,,,,,real,0.4039152690342494,0.1050107500382832
07__talking_angry_couch.mp4,10.0,0.0,,,,,real,0.4851119935923177,0.5238486467526386
07__walking_down_street_outside_angry.mp4,,,,,,,real,0.3641656509911021,0.2582015969923564
07__walking_outside_cafe_disgusted.mp4,0.0,0.0,,,,,real,0.0648531230406974,0.3526402515994593
08__exit_phone_room.mp4,0.0,0.0,,,0.010632121461058,0.2166621065481801,real,0.070163647977334,0.4028268562400155
08__kitchen_pan.mp4,40.0,0.583,26.377244770657043,13.15712193541768,0.0057890477169593,0.0456473980844537,real,0.1377358628911121,0.2941320465258076
08__kitchen_still.mp4,40.0,0.22,0.4001038941025243,0.2059443677483821,0.0070375699239344,0.2588750466595001,real,0.0023554916179239,0.512746347216685
08__outside_talking_pan_laughing.mp4,40.0,0.414,8.905731290312621,6.296364270376422,,,real,0.1880102424076451,0.2271065968458522
08__outside_talking_still_laughing.mp4,40.0,0.0,,,,,real,0.0329118898833689,0.4349234343847507
08__podium_speech_happy.mp4,20.0,0.0,8.12441911987331,10.192414941465314,0.0096818517784186,0.6270784460750423,real,0.0008169124429476,0.5329257327926759
08__walk_down_hall_angry.mp4,20.0,0.0,,,,,real,0.3506620004773139,0.1712138892284461
08__talking_against_wall.mp4,60.0,0.546,0.2098825027964521,0.6903974404317162,0.019850984477705,0.4079676190622346,real,0.0021160638971517,0.5105536636569712
08__walking_outside_cafe_disgusted.mp4,30.0,0.5,0.2254331663185722,1.6870946818834134,0.0080239266492676,0.0,real,0.1138186869648313,0.3992873366333622
08__walking_down_street_outside_angry.mp4,,,,,,,real,0.0013440191096572,0.5030292503809254
09__exit_phone_room.mp4,10.0,0.0,,,,,real,0.2161518475947273,0.3557828044620745
09__kitchen_pan.mp4,20.0,0.0,9.109337700977914,0.9692295701334978,0.0090981600919079,0.0902342119347742,real,0.2745083624435586,0.3055810503159412
09__outside_talking_pan_laughing.mp4,60.0,0.406,13.889857507638828,38.69566184134763,0.0070747516588255,0.3100272968254811,real,0.1650456994906171,0.2199062400903732
09__outside_talking_still_laughing.mp4,40.0,0.0,16.943071654966825,114.3585498879274,0.0196890596501465,0.5829649024849947,real,0.0584012707890189,0.4669080661850041
09__podium_speech_happy.mp4,70.0,0.476,3.3372145196629,4.7374542557518415,0.0060556818159963,0.6026374782756801,real,0.0578644312029566,0.4789933144571724
09__talking_against_wall.mp4,20.0,0.0,0.0985756011605211,6.715581433561778,0.0015193465223463,0.7698159103222463,real,0.0746509705037214,0.4674750151660005
09__walk_down_hall_angry.mp4,,,,,,,real,0.116837247012961,0.2880010110331754
09__talking_angry_couch.mp4,30.0,0.49,,,0.0086147437935032,0.0895629880059203,real,0.3969873234567099,0.5324027389122697
09__walking_down_street_outside_angry.mp4,10.0,0.0,,,,,real,0.021449550119428,0.4102427376855893
10__exit_phone_room.mp4,0.0,0.0,0.2010293593218519,0.3902656670417955,0.0005503150182414,0.7466309121940664,real,0.4386906822522479,0.5976076126098633
10__kitchen_pan.mp4,20.0,0.0,0.8372871836161608,0.6344997614208305,0.0046857979089343,0.1190180665036734,real,0.2306108668969537,0.2701094003938489
10__kitchen_still.mp4,20.0,0.0,7.50979524308376,0.8858622564908987,0.0051664779878625,0.0767338677767372,real,0.1241572910415097,0.5615119917272112
10__outside_talking_pan_laughing.mp4,10.0,0.0,,,,,real,0.1348974211971113,0.249630092380288
10__outside_talking_still_laughing.mp4,10.0,0.0,,,0.0788236769649929,0.2452421881634846,real,0.0012196783898778,0.5248445462881839
10__podium_speech_happy.mp4,10.0,0.0,0.4890376419226662,0.6003410499077154,0.0082710430297769,0.640648141597513,real,0.0461096767649785,0.5021039813797271
10__talking_angry_couch.mp4,30.0,0.333,0.7687517428328547,2.539053620471478,0.0113371322866038,0.3352840292842104,real,0.0553809453498163,0.4652361669100294
10__talking_against_wall.mp4,0.0,0.0,6.676566268507306,5.595856245562051,0.0029768337492608,0.5232385907345627,real,0.0025843991440575,0.4843574090859945
10__walk_down_hall_angry.mp4,0.0,0.0,,,,,real,0.3064783705132348,0.2282664573618343
10__walking_down_street_outside_angry.mp4,,,,,,,real,0.0128539462153652,0.4542794049270685
10__walking_outside_cafe_disgusted.mp4,0.0,0.0,,,,,real,0.3382090125696919,0.3671792085681643
11__exit_phone_room.mp4,0.0,0.0,,,,,real,0.2365033365786076,0.3546813831218737
11__kitchen_pan.mp4,40.0,0.331,57.08044259534198,7.138916319862288,0.0200989898808142,0.201247104844684,real,0.2937046560857977,0.2468008335147584
11__kitchen_still.mp4,30.0,0.192,1.0565890189411953,1.570246328521691,0.0033587266567688,0.1781698990542148,real,0.0025504558950294,0.6299776116681445
11__outside_talking_pan_laughing.mp4,50.0,0.513,,,0.0433641290995272,0.4959420925785094,real,0.1395779246230606,0.2784514909561714
11__outside_talking_still_laughing.mp4,20.0,0.0,,,0.029871284972913,0.7120322429280527,real,0.0038974191994365,0.6232860012143768
11__podium_speech_happy.mp4,20.0,0.0,0.4779874315554839,4.3093778588782765,0.0066305617617808,0.632005083935218,real,0.0044066708273385,0.4283048301109449
11__secret_conversation.mp4,10.0,0.0,,,,,real,0.1270777314096119,0.7060341380026994
11__talking_against_wall.mp4,70.0,0.862,0.3442594564108569,0.1144197193437164,0.0061233125055934,0.4103282556298288,real,0.000731388919993,0.5043780908050755
11__talking_angry_couch.mp4,40.0,0.095,7.018839219509675,11.802016421815257,0.0084953693909044,0.1372341902855267,real,0.0129095817565491,0.4897089972100616
11__walk_down_hall_angry.mp4,,,,,,,real,0.3176719950739015,0.1983476507228165
11__walking_down_street_outside_angry.mp4,,,,,,,real,0.0222751180481282,0.4506606568630642
11__walking_outside_cafe_disgusted.mp4,30.0,0.308,,,,,real,0.2674046858871103,0.4354126784488948
12__exit_phone_room.mp4,0.0,0.0,,,,,real,0.3935405863448977,0.1883186346718243
12__hugging_happy.mp4,40.0,0.815,4.975162687813604,19.012163014114176,0.0187233462498038,0.0175950878701963,real,0.5577009892585605,0.4798239711637903
12__kitchen_pan.mp4,70.0,0.708,3.9257150503381,2.1390492588766765,0.0056705810889561,0.4002657105884992,real,0.3266643781599104,0.2397109326075094
12__kitchen_still.mp4,30.0,0.564,17.51080795351599,6.471716293663634,0.0083822911062387,0.3951515532540103,real,0.001069787391231,0.504152028483183
12__outside_talking_pan_laughing.mp4,50.0,0.59,25.75263922004389,1.5435376500090594,0.0339989848294454,0.6664309799523185,real,0.0623661295436525,0.3393832932448928
12__outside_talking_still_laughing.mp4,50.0,0.68,0.8794128874989869,10.989598762403192,0.0247702144442364,0.4606944963048471,real,0.0023224526443157,0.4911679941767203
12__podium_speech_happy.mp4,70.0,1.006,4.392966686720596,10.08885467913024,0.0139388804015891,0.5891105537870609,real,0.004602074657724,0.5152560025455922
12__secret_conversation.mp4,0.0,0.0,,,,,real,0.0113919474309959,0.5093327253169703
12__talking_against_wall.mp4,110.0,0.526,0.4048666133257931,0.7253736265842053,0.0038809285503346,0.7820457827763012,real,0.0008699530690085,0.4831421755731923
12__talking_angry_couch.mp4,20.0,0.0,12.965109411673527,0.2266096059404141,0.0149263849060488,0.2690409215885092,real,0.0056019858227357,0.6774578836503626
12__walk_down_hall_angry.mp4,,,,,,,real,0.0821744509298713,0.3042721201422572
12__walking_and_outside_surprised.mp4,20.0,0.0,,,,,real,0.2751749393840631,0.6384955158967702
12__walking_down_indoor_hall_disgust.mp4,60.0,0.691,,,,,real,0.0105809506568624,0.514549538950392
12__walking_down_street_outside_angry.mp4,0.0,0.0,,,,,real,0.0075624269337,0.4359574456673581
13__exit_phone_room.mp4,30.0,0.5,,,,,real,0.6366953650442494,0.3454038033674482
12__walking_outside_cafe_disgusted.mp4,20.0,0.0,,,0.007723943638549,0.3314291780594136,real,0.1003688854398206,0.3660683195505822
13__kitchen_pan.mp4,50.0,0.57,110.73028631474143,0.946627384826068,0.0031840468601803,0.1227635773672733,real,0.2259397292496401,0.2753287959197546
13__hugging_happy.mp4,50.0,0.737,56.005983489065976,113.53693803839823,0.0196763061124738,0.1716624349511605,real,0.0320712996910494,0.4573672170194848
13__outside_talking_pan_laughing.mp4,0.0,0.0,15.454643364267836,3.592355521500545,0.0050881385613215,0.3223080024358154,real,0.1556096424475108,0.2690474096382558
13__kitchen_still.mp4,50.0,0.472,24.84629344388398,0.8967528157511496,0.0021858057653225,0.2247976995578642,real,0.0197359500871964,0.526332340409736
13__outside_talking_still_laughing.mp4,20.0,0.0,,,,,real,0.0219812004482147,0.4734706940337164
13__podium_speech_happy.mp4,20.0,0.0,138.55687442645066,0.2755178231773601,0.0060816220274221,0.1028991399059215,real,0.019012711912906,0.5365003641694163
13__secret_conversation.mp4,30.0,0.043,,,,,real,0.00850901245199,0.6249100267955431
13__talking_against_wall.mp4,60.0,0.662,1.7137722762254433,2.6611067242116704,0.0029718925448449,0.7306574900100133,real,0.0006485642928247,0.5447295983748643
13__talking_angry_couch.mp4,30.0,0.057,23.814852015408302,10.557407131589567,0.0078249534990469,0.1317727730800168,real,0.0026043778283389,0.7460332859880335
13__walk_down_hall_angry.mp4,,,,,,,real,0.320006775004523,0.2492724646415028
13__walking_and_outside_surprised.mp4,20.0,0.0,,,,,real,0.2751749393840631,0.6384955158967702
13__walking_down_street_outside_angry.mp4,20.0,0.0,,,,,real,0.0032981899522564,0.449453324366141
13__walking_down_indoor_hall_disgust.mp4,60.0,0.691,,,,,real,0.0105809506568624,0.514549538950392
13__walking_outside_cafe_disgusted.mp4,,,,,,,real,0.2227901199342876,0.4287322929927282
14__exit_phone_room.mp4,60.0,0.617,,,,,real,0.0915481858870004,0.3576956385394798
14__kitchen_pan.mp4,10.0,0.0,1.953891818097817,2.70770617619174,0.0088053704857643,0.0925744960782355,real,0.3923652095588928,0.2645848151640577
14__hugging_happy.mp4,10.0,0.0,,,,,real,0.1252358610219418,0.4963960587298355
14__outside_talking_pan_laughing.mp4,30.0,0.556,1.5977322669688416,2.044245428852752,0.0081059569101066,0.6901808247646034,real,0.1392605222491965,0.2444589352789738
14__kitchen_still.mp4,20.0,0.0,0.1842851117616556,1.0744068307696504,0.0077770384788451,0.1901670054724956,real,0.0004979412837442,0.5638515465433648
14__outside_talking_still_laughing.mp4,20.0,0.0,25.67669407078273,22.141819421873688,0.0252357649536595,0.4773479076034428,real,0.0003303890832883,0.6181559838996105
14__podium_speech_happy.mp4,10.0,0.0,3.790603032601163,3.5203563565508875,0.0133341756805543,0.4320920509365505,real,0.1662077772510787,0.4537543168621443
14__talking_against_wall.mp4,30.0,0.647,1.5916515077618605,1.813942723610105,0.0038539109208527,0.829345657424946,real,8.599928161969004e-05,0.6799662198246984
14__secret_conversation.mp4,20.0,0.0,,,,,real,0.040440427757691,0.5421217506316625
14__talking_angry_couch.mp4,30.0,0.0,0.118722911448471,0.2780632706396661,0.0068872239318401,0.0,real,0.1012794127869516,0.650777272191764
14__walk_down_hall_angry.mp4,,,,,,,real,0.247920838849885,0.200223616191319
14__walking_and_outside_surprised.mp4,40.0,0.358,,,,,real,0.0241817547376133,0.5942039405401076
14__walking_down_indoor_hall_disgust.mp4,30.0,0.12,,,,,real,0.3385742132862409,0.6308137199807528
14__walking_down_street_outside_angry.mp4,,,,,,,real,0.106731140012853,0.2409938605243923
14__walking_outside_cafe_disgusted.mp4,30.0,0.311,1.0494101354925194,0.2954540565939698,0.0016136636798128,0.6724293793182496,real,0.1656656935811043,0.3225491254699417
15__exit_phone_room.mp4,,,,,,,real,0.1136215291522605,0.3073633724498283
15__hugging_happy.mp4,20.0,0.0,38.198033596373726,42.98087195855648,0.0389397664268808,0.2103002778555552,real,0.1190130534181563,0.4429072368325442
15__kitchen_pan.mp4,50.0,0.544,1.298843988583511,1.7212660037024423,0.0187253470670879,0.040996889797945,real,0.0980255706809193,0.3393833874186655
15__kitchen_still.mp4,80.0,0.593,2.557567691769449,3.1650145980532294,0.0040201732365232,0.2353395146122761,real,0.0001955380326619,0.629693363210683
15__outside_talking_pan_laughing.mp4,20.0,0.0,1.2817516649013596,1.8676511635896056,0.0066970059125228,0.8821460518683907,real,0.1528028424175086,0.2468553844093961
15__outside_talking_still_laughing.mp4,20.0,0.0,,,0.0205067671071995,0.8060914821314217,real,0.0114168953971993,0.4651144053961005
15__podium_speech_happy.mp4,30.0,0.093,,,,,real,0.0087959406530284,0.5708732617379346
15__talking_angry_couch.mp4,70.0,0.715,4.17614688496907,13.1670855284478,0.0117715580712717,0.107275996401449,real,0.0134614045902796,0.6845622097324883
15__talking_against_wall.mp4,30.0,0.0,0.1443954499233773,1.1284936413774618,0.0043302434001623,0.8439676966475641,real,3.579914406058475e-05,0.7009625410464663
15__walk_down_hall_angry.mp4,,,,,,,real,0.3460542631468604,0.1576639067913804
15__walking_and_outside_surprised.mp4,70.0,0.822,6.338021832756486,18.1765251944797,,,real,0.4040636957756109,0.5160562309848493
15__walking_down_street_outside_angry.mp4,,,,,,,real,0.0067772853694,0.3798475568823236
15__walking_down_indoor_hall_disgust.mp4,30.0,0.12,,,,,real,0.3385742132862409,0.6308137199807528
15__walking_outside_cafe_disgusted.mp4,,,,,,,real,0.1404767646294262,0.3311374921883854
16__exit_phone_room.mp4,,,,,,,real,0.142306286209662,0.2279355781418937
01_02__outside_talking_still_laughing__YVGY8LOK.mp4,20.0,0.0,2.769167858621551,2.360175990111377,0.0024561398739179,0.7420752818596645,fake,0.977231033232004,0.5169502660788946
01_02__walk_down_hall_angry__YVGY8LOK.mp4,,,,,,,fake,0.8749115934787594,0.6287735827140155
01_03__hugging_happy__ISF9SP4G.mp4,20.0,0.0,37.75378367377246,38.38947289971808,0.0304681289306527,0.0459696933484693,fake,0.5257053370271207,0.5311059183505392
01_03__podium_speech_happy__480LQD1C.mp4,40.0,0.19,4.499199558390785,31.707370859287536,0.0069091355707422,0.6022300673214227,fake,0.996781489254687,0.5200809082527021
01_11__meeting_serious__9OM3VE0Y.mp4,,,,,,,fake,0.9515619189455976,0.5758291874226111
01_03__talking_against_wall__JZUXXFRB.mp4,70.0,0.828,0.8938027730012218,0.2483007258547886,0.0021566144176082,0.6770158301036935,fake,0.9793072407907332,0.536786302144055
01_11__secret_conversation__4OJNJLOO.mp4,,,,,,,fake,0.8414217353451274,0.676695334958814
01_11__talking_against_wall__9229VVZ3.mp4,30.0,0.53,1.0137314571100025,0.0388805941827693,0.0022562936273634,0.6829046657104715,fake,0.9847431286977198,0.4868891167539846
01_11__walking_outside_cafe_disgusted__FAFWDR4W.mp4,0.0,0.0,1.9753450294661472,0.4163981351483544,0.0020863977988365,0.8575322592607681,fake,0.9988999357496672,0.3768147861660603
01_12__outside_talking_pan_laughing__TNI7KUZ6.mp4,0.0,0.0,2.881626551753423,16.75858267051912,0.0048977447803637,0.5862260365872781,fake,0.7106069967956842,0.2160801892787386
01_20__outside_talking_pan_laughing__OTGHOG4Z.mp4,20.0,0.0,4.613529359453074,11.157336437623776,0.103187525719183,0.4176409392342805,fake,0.4121869573787981,0.2401335170978588
01_20__outside_talking_still_laughing__FW94AIMJ.mp4,70.0,0.672,4.847673026043604,2.2796523718179227,0.0046040334513579,0.7536756232020356,fake,0.9986318929270126,0.524735607768461
01_21__walk_down_hall_angry__03X7CELV.mp4,,,,,,,fake,0.5112216689221526,0.5682180088324619
01_27__hugging_happy__ZYCZ30C0.mp4,50.0,0.477,43.39897813134492,27.195413375071237,0.0376687406920649,0.0256748741052788,fake,0.48202283177915,0.5476042479750683
01_27__outside_talking_still_laughing__ZYCZ30C0.mp4,60.0,0.499,2.633520785150382,4.154329158154528,0.0042957771449707,0.7467108127764251,fake,0.9426835138488596,0.4462533248568873
01_27__walking_outside_cafe_disgusted__ZYCZ30C0.mp4,20.0,0.0,1.6681537662225567,0.5121781871726887,0.0016599288335168,0.7881213020697062,fake,0.4049556714793046,0.4106893090733777
02_01__secret_conversation__YVGY8LOK.mp4,,,,,,,fake,0.968347672634278,0.5521819160098821
02_03__walking_down_street_outside_angry__QH3Y0IG0.mp4,0.0,0.0,,,0.0025283302931185,0.6068811034358846,fake,0.7914127492153219,0.5604454703743468
02_03__walking_outside_cafe_disgusted__QH3Y0IG0.mp4,,,,,,,fake,0.9877492827712576,0.2638922031292773
02_06__podium_speech_happy__N8OSN8P6.mp4,80.0,0.408,3.908529326832914,9.839491563381438,0.0039967202144219,0.5343771596387583,fake,0.90968131164687,0.5603757619843887
02_06__talking_angry_couch__GH8TGTBS.mp4,50.0,0.983,3.8262657731640473,0.0855297423262957,0.018326117803099,0.1791500699925634,fake,0.9945517061094572,0.6314588332968013
02_06__talking_angry_couch__MKZTXQ2T.mp4,50.0,0.395,3.372639141887033,0.0629130057502328,0.0191060489451342,0.1983284940808851,fake,0.9386720153464037,0.601514150056296
02_06__walking_and_outside_surprised__N8OSN8P6.mp4,30.0,0.765,0.7972535074540597,1.3398323256719402,0.0116198634131868,0.7826244357000549,fake,0.9928605482822463,0.484846520449412
02_06__walking_down_indoor_hall_disgust__U6MDWIHG.mp4,20.0,0.0,0.4309540898287371,0.0660500921528644,0.0161504162497389,0.6179118545879293,fake,0.6140194289261599,0.5866672957754779
02_07__walk_down_hall_angry__U7DEOZNV.mp4,,,,,,,fake,0.8926558685185619,0.5178109077875435
02_07__meeting_serious__1JCLEEBQ.mp4,,,,,,,fake,0.8254406875673498,0.5190750495871187
02_07__walking_down_street_outside_angry__O4SXNLRL.mp4,10.0,0.0,,,0.0030174087128973,0.6615169215174291,fake,0.7872753822738984,0.4902007015553346
02_07__walking_and_outside_surprised__1VMZUH1W.mp4,20.0,0.0,0.9035583485868156,1.0059189645397373,0.011594282203733,0.7842731674897403,fake,0.88369472638349,0.4612106575013974
02_09__exit_phone_room__HIH8YA82.mp4,,,,,,,fake,0.5130611104197332,0.5727724926383431
02_09__kitchen_pan__HIH8YA82.mp4,20.0,0.0,29.467506904027417,1.7621128009263838,0.007128010075331,0.2322841378410596,fake,0.4963535722257353,0.4842102385767233
02_12__podium_speech_happy__9D2ZHEKW.mp4,60.0,0.58,2.7878669956410924,6.528486836871648,,,fake,0.9824696403112017,0.5312970838309624
02_13__exit_phone_room__CP5HFV3K.mp4,,,,,,,fake,0.943582182370793,0.5450483073097693
02_13__outside_talking_pan_laughing__2YSYT2N3.mp4,20.0,0.0,7.959064820737757,8.100338004108355,0.0234579370795488,0.5951581260082117,fake,0.7358212258111246,0.2253046018372977
02_13__secret_conversation__CP5HFV3K.mp4,,,,,,,fake,0.5,
02_13__podium_speech_happy__2YSYT2N3.mp4,70.0,0.284,3.127639670886778,13.34829027216852,,,fake,0.9985098339036044,0.5309933014442874
02_14__outside_talking_pan_laughing__3IUBEKCT.mp4,40.0,0.355,14.125502951057948,4.635875567033676,0.0227231157524728,0.5499098294901026,fake,0.7823768985406054,0.263388178032911
02_15__exit_phone_room__I8G2LWD1.mp4,,,,,,,fake,0.2536548276283316,0.5468099820415087
02_15__exit_phone_room__MZWH8ATN.mp4,,,,,,,fake,0.5008164654287738,0.6030741783618133
02_15__outside_talking_pan_laughing__I8G2LWD1.mp4,30.0,0.179,4.179519063772268,2.113972089047392,0.0168014060908808,0.5948330268072745,fake,0.7292089015417245,0.2529524710209719
02_15__secret_conversation__MZWH8ATN.mp4,,,,,,,fake,0.5,
02_15__outside_talking_pan_laughing__SB6PMCO0.mp4,50.0,0.554,1.2725556585614295,3.2395701010200435,0.0245991467673224,0.5870783649186189,fake,0.6900810789474713,0.2327797324893682
02_15__talking_angry_couch__HTG660F8.mp4,40.0,0.933,4.444435000460868,0.4333036732760036,0.0182699429433782,0.190208474134111,fake,0.9480325660984912,0.6523049460939788
02_15__talking_against_wall__HTG660F8.mp4,90.0,0.526,0.6065084013170834,0.6192661861399009,0.0026286636095076,0.7164909494415408,fake,0.9496815358139872,0.587330541634627
02_15__walk_down_hall_angry__TN2CWM3K.mp4,,,,,,,fake,0.9283799661974096,0.5564889736461109
02_15__talking_angry_couch__I8G2LWD1.mp4,30.0,0.333,1.512466071336869,0.1327503447149427,0.0182376233513309,0.1823207172188145,fake,0.9903995032191334,0.6581582900035681
02_15__walking_and_outside_surprised__HTG660F8.mp4,30.0,0.0,0.9766475402773248,1.0119965757154723,0.0107851676592607,0.784468762526243,fake,0.9240539939397836,0.4665933259135038
02_15__walking_and_outside_surprised__I8G2LWD1.mp4,20.0,0.0,0.8219721270695701,1.0175589429663268,0.0117126572391028,0.7854621197719136,fake,0.8938453400127214,0.4658378914371168
02_18__exit_phone_room__OXMEEFUQ.mp4,,,,,,,fake,0.8566212110220389,0.587813060914763
02_15__walking_and_outside_surprised__MZWH8ATN.mp4,20.0,0.0,0.8477885759305903,1.0169660855426834,0.0112229575214152,0.7849027780329726,fake,0.995345810583416,0.5028477183061449
02_18__outside_talking_pan_laughing__OXMEEFUQ.mp4,20.0,0.0,4.449843613026436,3.412989567184661,0.0175572481079449,0.5210796257125301,fake,0.6985147714885899,0.2410324121784639
02_18__walking_down_street_outside_angry__21JTDDEL.mp4,0.0,0.0,,,0.0023667976963141,0.5917247293413083,fake,0.900511634174309,0.514354353077385
02_21__kitchen_pan__Z0XHPQAR.mp4,10.0,0.0,12.366892898093514,3.43072658813896,0.0097744540331711,0.2354434462750475,fake,0.5275724474881961,0.4715326301452062
02_21__talking_angry_couch__Z0XHPQAR.mp4,60.0,1.058,20.550980114987503,0.9689353563949334,0.0198037094389283,0.181754714457351,fake,0.9968357245806488,0.6593083960233547
02_25__talking_against_wall__Z7FQ69VP.mp4,60.0,0.959,0.565343481456719,1.5505666024489837,0.0037141898001569,0.715971724493752,fake,0.9993076148375148,0.5758984334033683
02_27__hugging_happy__GVFLSZD5.mp4,30.0,0.68,10.666150018765274,8.05534549851463,0.0079875908802821,0.0312492113290932,fake,0.8663111338478245,0.5455752334472995
02_27__walk_down_hall_angry__78M8S6M6.mp4,,,,,,,fake,0.7781438197593151,0.4788928827271504
03_01__walking_and_outside_surprised__JZUXXFRB.mp4,20.0,0.0,78.45900400350327,5.404362863387336,0.0196316779719473,0.2843236922898285,fake,0.5640003471813054,0.5275644928508225
03_04__outside_talking_pan_laughing__T04P6ELC.mp4,40.0,0.255,,,0.0253808223666465,0.692856951672614,fake,0.4064390055532313,0.2738123039552655
03_04__talking_angry_couch__T04P6ELC.mp4,120.0,0.894,1.884310244470038,6.019763356276608,0.0079979068103125,0.1504041080044411,fake,0.8895671517510634,0.5890109003797871
03_06__meeting_serious__83ABVHC3.mp4,,,,,,,fake,0.8879660265493894,0.5095708828224216
03_06__podium_speech_happy__83ABVHC3.mp4,20.0,0.0,3.6271516330202473,2.487306338077655,0.0099831050546608,0.7085680459045808,fake,0.9673782558564464,0.565291283466844
03_07__hugging_happy__BKLOCI1M.mp4,60.0,0.73,39.799998418844254,16.82392673023325,0.0091045660757938,0.0796525734673723,fake,0.8226098998669629,0.5282018363092084
03_07__walk_down_hall_angry__6PHZRQ4H.mp4,,,,,,,fake,0.9779064106557664,0.3853971468550818
03_07__walk_down_hall_angry__IFSURI9X.mp4,,,,,,,fake,0.8471053829397386,0.3777319533484321
03_07__walking_outside_cafe_disgusted__CDSNLDQ8.mp4,20.0,0.0,0.2045760635465441,2.6724724919726603,0.0091795685506723,0.4234658674792909,fake,0.7170660644860605,0.4710625379298915
03_07__walking_down_indoor_hall_disgust__PWXXULHR.mp4,50.0,0.615,,,,,fake,0.6124870671020114,0.1264865403728825
03_07__walking_outside_cafe_disgusted__IFSURI9X.mp4,20.0,0.0,0.1832038554843602,0.2294256498224375,0.014753066654236,0.3909664146920019,fake,0.7483875893642398,0.4419053056751331
03_07__walking_outside_cafe_disgusted__PWXXULHR.mp4,20.0,0.0,,,,,fake,0.2263986675487162,0.400739814553942
03_09__outside_talking_still_laughing__RCETIXYL.mp4,,,,,,,fake,0.9558771614269796,0.5273482559203657
03_11__exit_phone_room__P08VGHTA.mp4,0.0,0.0,,,,,fake,0.5977554128216439,0.547099222165065
03_09__secret_conversation__RCETIXYL.mp4,,,,,,,fake,0.9880899500391648,0.3262741455429087
03_13__kitchen_pan__GBYWJW06.mp4,20.0,0.0,3.9770356836844383,0.1986574371934688,0.0102139599900574,0.0214831191844824,fake,0.5802438519969129,0.268434828735926
03_11__talking_against_wall__P08VGHTA.mp4,30.0,0.28,0.0558969644323909,2.6904223351237087,0.0094842115000524,0.6134227238725641,fake,0.9995738540425712,0.6428790170497202
03_13__meeting_serious__GBYWJW06.mp4,,,,,,,fake,0.8836208727004016,0.5419118205725278
03_13__meeting_serious__T3MZOI8X.mp4,10.0,0.0,,,,,fake,0.9429949327379002,0.4781908353876494
03_13__outside_talking_still_laughing__GBYWJW06.mp4,,,,,,,fake,0.9987545458144732,0.537279063339202
03_14__podium_speech_happy__Q9NSXM88.mp4,10.0,0.0,4.719987521167579,2.431359995118549,0.0097672930990921,0.6854622410085981,fake,0.9977245856459378,0.5510261002768858
03_14__walk_down_hall_angry__P1L5PF4I.mp4,,,,,,,fake,0.9876185174023264,0.3747954679516235
03_14__talking_against_wall__ZC2KYASW.mp4,40.0,0.289,0.232140232444534,0.715156668975919,0.0085258485808908,0.5918518103297016,fake,0.997606707360735,0.6361221527050218
03_14__walking_down_street_outside_angry__H0VQHGS3.mp4,0.0,0.0,,,,,fake,0.6584109429147016,0.5539669492630914
03_15__kitchen_pan__AIOM1U5V.mp4,20.0,0.0,3.031772722219092,0.5754070052443275,0.0096312301305718,0.0119361392031171,fake,0.5732094818831637,0.2601963385340205
03_15__kitchen_pan__DNUJD8M2.mp4,40.0,0.371,3.327135621890967,1.2408034618636965,0.0104173209504213,0.0119871208937003,fake,0.6149346418534565,0.2631333137674515
03_15__outside_talking_pan_laughing__Y11NT1YX.mp4,10.0,0.0,,,0.0245591554909675,0.7264260971493436,fake,0.51420674641236,0.2653187296134889
03_15__outside_talking_still_laughing__DNUJD8M2.mp4,0.0,0.0,,,,,fake,0.9870311355387102,0.4824269812949607
03_15__podium_speech_happy__DG8ITQO3.mp4,20.0,0.0,5.873055443114602,0.7387933885447006,0.0093720259168704,0.6548271359861138,fake,0.9973315269397038,0.5505893695505207
03_18__walking_outside_cafe_disgusted__22UBC0BS.mp4,30.0,0.165,,,0.0027453104739993,0.4133598834741517,fake,0.1777109876620596,0.3740706795028277
03_18__walking_and_outside_surprised__8HNSXOBW.mp4,60.0,0.353,286.35793011599065,12.945473694729433,0.0183012447490173,0.2692799130208236,fake,0.6929749458627914,0.5305105611189929
03_21__exit_phone_room__YCSEBZO4.mp4,20.0,0.0,,,,,fake,0.6759631007854894,0.336082807292292
03_21__kitchen_pan__YCSEBZO4.mp4,20.0,0.0,5.302715318450289,2.1397077635536954,0.0087498349605662,0.0136040266116283,fake,0.5730562541980975,0.2490621291001336
03_21__meeting_serious__V53E3RVB.mp4,,,,,,,fake,0.9442966903453568,0.5168473314435647
03_21__secret_conversation__YCSEBZO4.mp4,,,,,,,fake,0.7837468428735715,0.3589457980139119
03_26__kitchen_pan__WBSXBL82.mp4,40.0,0.505,8.521867480303644,0.639777876914936,0.0104736504585224,0.0213738809413821,fake,0.5341210754073799,0.2714260738464452
03_26__kitchen_still__WBSXBL82.mp4,0.0,0.0,2.9502912725096,0.7416424931344706,0.0111432823914146,0.0247483886327083,fake,0.9986849292283484,0.563908736692006
03_26__talking_against_wall__WBSXBL82.mp4,10.0,0.0,0.1000587794427823,0.4775912928247171,0.0052226669320059,0.59032850410634,fake,0.9994491586541288,0.5618220591352152
03_27__walk_down_hall_angry__IL675GCI.mp4,,,,,,,fake,0.8514354742030582,0.4206078334153712
03_27__walking_down_indoor_hall_disgust__IL675GCI.mp4,50.0,0.52,,,,,fake,0.9584770026807612,0.182161689868995
04_01__exit_phone_room__0XUW13RW.mp4,10.0,0.0,5.071472409968466,1.7825848634414367,,,fake,0.4198618467354996,0.5009099158723337
04_01__outside_talking_still_laughing__0XUW13RW.mp4,,,,,,,fake,0.9589683308429908,0.4994441229299793
04_01__kitchen_still__6I623VU9.mp4,50.0,0.33,2.4989412099247548,3.4677213368983524,0.0034641196762624,0.2322976830420886,fake,0.9981945279015282,0.5645663524959645
04_01__outside_talking_still_laughing__6I623VU9.mp4,,,,,,,fake,0.9944389513142128,0.4975221773825828
04_01__secret_conversation__6I623VU9.mp4,50.0,0.237,,,,,fake,0.6362683839150634,0.4540957385235308
04_07__exit_phone_room__ITC0C48B.mp4,0.0,0.0,0.1076843478924974,0.0624464212531347,0.0009655043630243,0.7702131550377539,fake,0.9216985259217384,0.4781535454910451
04_06__kitchen_still__ZK95PQDE.mp4,40.0,0.424,4.971190089625941,6.375019235049335,0.0045987170723532,0.2253390958930124,fake,0.9981545860050284,0.5966200986247139
04_07__kitchen_pan__XRK7FGZX.mp4,40.0,0.785,1.685193844927846,0.8084066941182176,0.0210615194788833,0.2323336458918584,fake,0.5976434529149186,0.4348600384317153
04_12__walking_down_street_outside_angry__96TQKDFJ.mp4,,,,,,,fake,0.8608922813846681,0.5692955123781778
04_13__podium_speech_happy__00T3UYOR.mp4,20.0,0.0,0.0969748863867181,1.563040727313098,0.0043068275960886,0.8055915667148149,fake,0.9941809278432936,0.5503827030813481
04_13__secret_conversation__00T3UYOR.mp4,50.0,0.443,,,,,fake,0.6009983003425676,0.4605795260520637
04_13__walking_down_street_outside_angry__00T3UYOR.mp4,,,,,,,fake,0.8704486373555672,0.5045221578023699
04_13__walking_outside_cafe_disgusted__00T3UYOR.mp4,,,,,,,fake,0.9763917665038424,0.5722096243527157
04_18__kitchen_still__NAXINA1N.mp4,20.0,0.0,5.35855974077238,8.097183216950034,0.0031100447980218,0.2530895178706956,fake,0.9988640412801602,0.582363369990428
04_21__walking_down_street_outside_angry__5Y31RZP8.mp4,,,,,,,fake,0.8411732018504761,0.4918397769741905
04_26__outside_talking_still_laughing__WX836VLY.mp4,,,,,,,fake,0.9956265212162522,0.5014714479609111
05_08__talking_against_wall__PRBCE28Z.mp4,40.0,0.506,0.5031808728825461,0.8324372052907173,0.0088880005832238,0.8603871117561539,fake,0.9972772058821276,0.6035191069807178
05_16__exit_phone_room__B62WCGUN.mp4,,,1.422327015147223,1.2371438850814551,,,fake,0.1595377093372919,0.5407277957771475
05_16__walk_down_hall_angry__OSXCUOHX.mp4,,,,,,,fake,0.4817227347354805,0.5183810547334542
05_16__walk_down_hall_angry__U9WZI5LK.mp4,,,,,,,fake,0.6072056560663022,0.5171230454256988
05_17__hugging_happy__YTJYYDO9.mp4,70.0,0.658,9.520098000920417,14.322816582969889,0.0295363262449713,0.0786483261727243,fake,0.7302274333167446,0.5127580112842265
05_17__walking_down_street_outside_angry__M3H96PDQ.mp4,0.0,0.0,,,,,fake,0.6395322998736487,0.5239954794700658
05_28__exit_phone_room__U9LRLJ6N.mp4,,,1.5883767843476235,0.2898550838678732,,,fake,0.3762642861587768,0.5555737782006379
05_28__kitchen_still__W3J028UG.mp4,50.0,0.619,0.5142281519911922,7.431787869408555,0.0031505649789077,0.4560134192865088,fake,0.996225630100442,0.5526706800106188
06_02__podium_speech_happy__N8OSN8P6.mp4,60.0,0.371,4.940866466264349,7.274652479117638,0.0154591917002975,0.512777567516376,fake,0.9977075567946616,0.5259415945843101
06_02__walk_down_hall_angry__37DH75GQ.mp4,,,,,,,fake,0.5993112628720395,0.6172674907446012
06_03__talking_against_wall__4I8LRXWF.mp4,90.0,0.708,3.8474070916230736,1.3444701845703535,0.0116717912550276,0.4876225612768732,fake,0.9227336502855692,0.4915012085724213
06_04__outside_talking_still_laughing__ZK95PQDE.mp4,,,,,,,fake,0.9749428886725352,0.4975923741924901
06_07__exit_phone_room__NMGYPBXE.mp4,20.0,0.0,0.5032820465846346,0.1884268150181107,0.0025071859826573,0.6933788979067005,fake,0.9884495444709188,0.471982190159728
06_04__walking_outside_cafe_disgusted__ZK95PQDE.mp4,0.0,0.0,10.7487182220648,0.7569139837788654,0.0164316343482856,0.6704112266531,fake,0.8476199562708862,0.3749288988592228
06_07__walking_down_street_outside_angry__NMGYPBXE.mp4,,,,,,,fake,0.9572168914177374,0.4575721330227518
06_07__kitchen_pan__NMGYPBXE.mp4,80.0,0.485,4.085891784584764,1.4518838198428108,0.0192872909998854,0.106558139518135,fake,0.8438066532034195,0.3367065079106717
06_11__walking_outside_cafe_disgusted__MX659QU8.mp4,30.0,0.037,7.324741688085549,2.1069838174952635,0.002283414464474,0.69530435784391,fake,0.9133888731867632,0.3743503527868901
06_12__outside_talking_pan_laughing__3K21NFNM.mp4,0.0,0.0,7.053719045766343,0.8202571385935229,0.0289421117572537,0.3348956755077417,fake,0.5710699114460597,0.2746042481637896
06_12__podium_speech_happy__0VR4Y891.mp4,20.0,0.0,6.197272945946661,5.845464586065117,0.0173744411847301,0.5209243747280753,fake,0.9887153858616,0.4373864456762588
06_12__podium_speech_happy__3K21NFNM.mp4,50.0,0.452,10.9664156473402,6.882337587646195,0.0156797531713973,0.5251372026062713,fake,0.973742378566248,0.4349830732029245
06_14__outside_talking_pan_laughing__8U9ULZDT.mp4,10.0,0.0,1.3529907662723886,0.5878562921944221,0.008628270998625,0.3627672747725748,fake,0.5478602942700188,0.2731966072754757
06_14__walking_down_indoor_hall_disgust__8U9ULZDT.mp4,60.0,0.4,33.21286303286677,1.798785113904397,0.0270587067437163,0.2349653487302373,fake,0.9433747523324638,0.5272604243432029
06_14__walking_and_outside_surprised__8U9ULZDT.mp4,30.0,0.479,,,,,fake,0.9560479050993372,0.5734302666513221
06_15__exit_phone_room__QRCD27P8.mp4,0.0,0.0,0.5271122095540071,0.1248177845818186,0.002233110150921,0.6552907810061831,fake,0.7237857223784335,0.4275413748956292
06_15__outside_talking_still_laughing__QRCD27P8.mp4,,,,,,,fake,0.824839994436754,0.5374578634974085
06_18__outside_talking_pan_laughing__DEA1TCLN.mp4,30.0,0.732,1.8444144814974477,1.1787709396026445,0.005765959563211,0.3490663992790936,fake,0.3897668184228304,0.2880004187157959
06_15__walking_and_outside_surprised__QRCD27P8.mp4,40.0,0.569,,,0.0131736798740563,0.5599762743485943,fake,0.9108246676634943,0.5890473791526472
06_18__outside_talking_still_laughing__M36D0OJT.mp4,,,,,,,fake,0.942275516028673,0.5498925619092249
06_18__podium_speech_happy__DEA1TCLN.mp4,40.0,0.456,3.7925577099606462,11.63159114821435,0.0154609950546875,0.5127880826584391,fake,0.9115491439771444,0.4430683990752133
06_18__walk_down_hall_angry__LH0KWJKM.mp4,,,,,,,fake,0.3697713371748565,0.5594340302005504
06_20__kitchen_pan__6SUW7063.mp4,50.0,0.378,2.8441084334998954,2.3592527129342047,0.0185513506259521,0.0235071906034194,fake,0.8277737258269606,0.3494361265899413
06_25__outside_talking_pan_laughing__MI9BDQ7M.mp4,10.0,0.0,1.9991143444145916,0.963320915724454,0.009311512205066,0.3511237507547692,fake,0.350753610332807,0.2709549250708621
06_25__talking_angry_couch__MI9BDQ7M.mp4,50.0,0.328,0.91963813277761,15.76335243273818,0.0217791867284386,0.0233503017883759,fake,0.9876409913549824,0.5617014097342514
06_25__walking_and_outside_surprised__MI9BDQ7M.mp4,30.0,0.704,,,0.0152969462660174,0.5693936762426215,fake,0.9746518796254056,0.5671491899255349
06_26__kitchen_pan__L5BVR5L9.mp4,40.0,0.52,0.5656614758190328,4.4194107435402605,0.0178227623221786,0.0976017230638348,fake,0.8900871790740711,0.3497417337188678
06_27__talking_angry_couch__JOG5PB18.mp4,30.0,0.692,1.439743386472829,28.69137266122265,0.0269349516948857,0.0177076119094434,fake,0.8655967247339754,0.5794714606650159
06_26__kitchen_still__L5BVR5L9.mp4,70.0,0.669,2.679811116347888,13.994386667705925,0.0201203532076413,0.0028994052841163,fake,0.9895835581702734,0.4410109230255634
07_02__talking_angry_couch__1H07DFQJ.mp4,40.0,0.757,2.948519264663283,6.876690904633178,,,fake,0.9674940781156904,0.5707672223385684
06_27__walking_and_outside_surprised__O7L5Z9U8.mp4,50.0,0.619,,,,,fake,0.8352497052995697,0.6011016400921443
07_02__walking_down_street_outside_angry__O4SXNLRL.mp4,,,,,,,fake,0.9989645833599428,0.5634081959906676
07_03__hugging_happy__7NGMD8FT.mp4,70.0,0.531,11.348241007966411,27.84454493772479,0.0263802344065974,0.0052461706379347,fake,0.8416350690253248,0.5261359949876657
07_03__outside_talking_pan_laughing__IFSURI9X.mp4,,,,,,,fake,0.5102856429488679,0.3055139296234974
07_03__podium_speech_happy__6PHZRQ4H.mp4,40.0,0.13,,,,,fake,0.9863420335399812,0.53884197986577
07_03__secret_conversation__IFSURI9X.mp4,0.0,0.0,,,,,fake,0.4931541019712249,0.5817889592149895
07_03__walking_outside_cafe_disgusted__F0YYEA5W.mp4,10.0,0.0,3.0974036729608034,1.3054512973735355,,,fake,0.3551119670794966,0.3330186882189342
07_03__talking_angry_couch__WPT3Z2KN.mp4,20.0,0.0,1.5721859537070466,8.226549337989749,,,fake,0.8593269210183345,0.5017760812920511
07_06__kitchen_pan__NMGYPBXE.mp4,80.0,0.558,22.170165028255457,10.631257708152988,0.0049938170952782,0.0393424604990432,fake,0.3595194623288589,0.2273614296341872
07_06__outside_talking_still_laughing__NMGYPBXE.mp4,,,21.44698285715473,16.175392673574272,,,fake,0.7390356210109518,0.542085479783711
07_06__walking_down_street_outside_angry__NMGYPBXE.mp4,,,,,,,fake,0.9800430075030117,0.5095584640285141
07_09__outside_talking_still_laughing__N9CWME71.mp4,,,,,,,fake,0.86612577670456,0.5526412195194547
07_09__walk_down_hall_angry__N9CWME71.mp4,,,,,,,fake,0.8945615493295378,0.5847131888969118
07_13__walking_outside_cafe_disgusted__RVQCPCJF.mp4,20.0,0.0,0.2602033876478224,12.08776259080367,0.0042183593360371,0.7409279692788033,fake,0.5968258827924728,0.3151468163799139
07_12__outside_talking_still_laughing__0VN0A2T3.mp4,40.0,0.0,7.13974019061332,3.4230626280849528,,,fake,0.850165014210984,0.5357144759287646
07_14__exit_phone_room__P9QFO50U.mp4,0.0,0.0,1.2508275625691097,1.8999784125141943,0.003548824409229,0.7229366858182581,fake,0.9365777725976268,0.4730586185338726
07_14__talking_against_wall__P9QFO50U.mp4,50.0,0.397,5.308938053562804,3.2161077858806766,0.0057601060042184,0.152806496458589,fake,0.9973821132005676,0.6214186076258132
07_15__hugging_happy__9Z2MLKVX.mp4,60.0,0.694,15.960477947058202,25.391962572273947,0.0289421373907429,0.0,fake,0.8207361251115797,0.5101320028042906
07_20__outside_talking_pan_laughing__KV6Q7D6C.mp4,30.0,0.397,,,,,fake,0.4096306700163157,0.3170881200502942
07_20__talking_against_wall__KV6Q7D6C.mp4,40.0,0.506,5.40824327767315,4.355263517266845,0.0104001006742512,0.1543369893871852,fake,0.9963566441825206,0.5042275351619856
07_21__exit_phone_room__K7KXUHMU.mp4,0.0,0.0,0.4990116969709365,1.0640899708871434,0.0047725982646905,0.6253053847404862,fake,0.9745576513006602,0.4886871378584703
07_21__outside_talking_still_laughing__K7KXUHMU.mp4,,,19.68028075338923,7.460909323675487,,,fake,0.9627661200306648,0.523072426289814
07_21__talking_against_wall__MKU99DVX.mp4,40.0,0.0,3.675001679111511,2.70990327444537,0.0034172299300139,0.1732708718696488,fake,0.997556645045464,0.5762349735271722
07_25__walk_down_hall_angry__PAE9HCA8.mp4,,,,,,,fake,0.933279065526984,0.5764248563701082
07_26__walk_down_hall_angry__FGNGC2GT.mp4,,,,,,,fake,0.9289472721616586,0.6158017338926457
07_26__walking_down_street_outside_angry__FGNGC2GT.mp4,,,,,,,fake,0.9963524576922708,0.5390213706874567
07_27__walking_down_street_outside_angry__3RH5PR6S.mp4,,,,,,,fake,0.9990169375493252,0.5447972001160227
08_05__walk_down_hall_angry__FBICSP2C.mp4,30.0,0.617,,,,,fake,0.7130111781697349,0.5225409596264192
08_16__podium_speech_happy__8Q7JCS95.mp4,20.0,0.0,7.612511144335604,10.421347499607288,0.008270613034634,0.6217037133145448,fake,0.7946076403028415,0.4244657470902726
08_28__outside_talking_pan_laughing__8BC35RFU.mp4,40.0,0.116,5.583879504054918,0.12843018796834,,,fake,0.3396350808427029,0.2099264627309566
09_01__walk_down_hall_angry__6TSGVLHA.mp4,,,,,,,fake,0.7612605174260622,0.4601891435816952
09_01__talking_against_wall__O8HNNX43.mp4,30.0,0.257,0.1167193704956951,6.974401352110585,0.0015258205483111,0.7622825948752162,fake,0.9814275407977536,0.4068243501641688
09_02__walk_down_hall_angry__6KUOFMZW.mp4,,,,,,,fake,0.8926621516045736,0.6419320623878535
09_02__walking_down_street_outside_angry__6KUOFMZW.mp4,0.0,0.0,0.1447901327735635,0.0803667932286851,0.0019956527380149,0.7974620504137963,fake,0.7045996374471255,0.5972070426545628
09_02__walking_down_street_outside_angry__9TDCEK1Q.mp4,20.0,0.0,,,,,fake,0.6468565673588865,0.524952677748246
09_03__kitchen_pan__8DTEGQ54.mp4,40.0,0.0,6.6416030242404425,1.0981215210232174,0.0047221305351986,0.1132195847135571,fake,0.5968043694213584,0.3551397082243164
09_03__talking_against_wall__8DTEGQ54.mp4,50.0,0.544,0.1652969235675297,5.779937339951735,0.0016654702076375,0.7588571895428813,fake,0.934335456622076,0.4776565348471693
09_07__kitchen_pan__N9CWME71.mp4,20.0,0.0,3.6113735473219215,0.7064112114876266,0.0034474739565036,0.1013385967150242,fake,0.6271163719378535,0.3397382774155588
09_13__outside_talking_pan_laughing__LPT427RY.mp4,60.0,0.574,18.645907806765376,37.19791272512492,0.0099068202004183,0.3472600822173328,fake,0.3332873799909908,0.2120078180373921
09_13__kitchen_pan__21H6XSPE.mp4,30.0,0.0,8.181825599128693,1.4144972760296644,0.0070279466309632,0.1057024629039191,fake,0.6493107322537888,0.3666320820076123
09_18__outside_talking_pan_laughing__3VP8836C.mp4,60.0,0.307,33.30607122102074,13.930332911770613,0.0057674388820522,0.3611552342478127,fake,0.3464904941038014,0.2005499369289148
09_20__kitchen_pan__98NUQ3E6.mp4,10.0,0.0,3.365013513984583,1.0054930057720148,0.0040951300497289,0.1117498673671452,fake,0.6635725554912066,0.3543828548205915
09_20__podium_speech_happy__O5X0AWR9.mp4,70.0,0.488,4.077380479708438,3.4027301335576494,0.0054012741671629,0.5883019746666194,fake,0.9937948235735024,0.4558685426525504
09_25__walking_down_street_outside_angry__5041ODBN.mp4,0.0,0.0,,,,,fake,0.948965137241266,0.5009946482015973
09_20__talking_angry_couch__0IRM5ADD.mp4,20.0,0.0,37.44967361561514,20.682356231722157,0.00232494068235,0.1800164026364412,fake,0.9692102078696536,0.4019216315538292
09_26__walk_down_hall_angry__QSE5A0GF.mp4,,,,,,,fake,0.6625847778696824,0.4497445595844771
09_26__talking_against_wall__C3K20JOL.mp4,30.0,0.409,0.1446242356340569,8.802242875197972,0.0015400376585861,0.779622634619551,fake,0.9905788876424722,0.3877055750914933
10_19__kitchen_still__IDX76N5R.mp4,10.0,0.0,5.294249820452975,1.6305431318656358,0.0038122090794748,0.0489030526542471,fake,0.9939825113494092,0.6230457583688551
10_22__kitchen_pan__EHARPYBT.mp4,20.0,0.0,2.1150817258053523,0.8790649833840409,0.0039620289295127,0.1324315022037247,fake,0.6025182332374185,0.2759471941266326
10_22__kitchen_still__EHARPYBT.mp4,10.0,0.0,7.470929989022866,1.4796220148625787,0.0043624962962867,0.0790711027613756,fake,0.98274783046887,0.5619901800091307
